Layer,Primary_Details,Related_Details,Critical_Standard,Callout_Example
P-ADA-CURBRAMP,DET-ADA-855 to 858,DET-PAVE-805; DET-SITE-615; DET-STRM-145,CBC 11B-406,SEE DET. ADA-855 FOR TYPE A CURB RAMP
P-ADA-PARKSTALL,DET-ADA-860 to 863,DET-PAVE-810; DET-TRFC-925; DET-SITE-620,CBC 11B-502,VAN ACCESSIBLE PARKING PER DET. ADA-861
P-ADA-ROUTE,DET-ADA-850 to 853,DET-SITE-600; DET-PAVE-800; DET-LNDS-475,CBC 11B-403,ACCESSIBLE ROUTE PER DET. ADA-850
P-ADA-DETECTABLE,DET-ADA-870 to 873,DET-PAVE-805; DET-ADA-855 to 858; DET-SITE-625,CBC 11B-705,DETECTABLE WARNING SURFACE PER DET. ADA-870
P-ADA-SIGNAGE,DET-ADA-880 to 883,DET-TRFC-925; DET-SITE-650 to 651,CBC 11B-216 & 703,SIGNAGE PER DET. ADA-881 AND CBC 11B-502.6
P-ADA-HANDRAIL,DET-ADA-875 to 878,DET-SITE-630; DET-SITE-635; DET-ADA-855 to 857,CBC 11B-505,HANDRAILS PER DET. ADA-875 AND CBC 11B-505
P-ADA-CROSSSLOPE,DET-ADA-853 to 854; DET-GRAD-400,DET-SITE-600; DET-PAVE-800; DET-STRM-145,CBC 11B-403.3,CROSS SLOPE ≤ 2.0% PER DET. ADA-853
P-ADA-LANDING,DET-ADA-865 to 867,DET-ADA-855 to 857; DET-SITE-640; DET-PAVE-815,CBC 11B-405.7,LANDING PER DET. ADA-865 AND CBC 11B-405.7
P-ADA-DIAGONAL,DET-ADA-859; DET-ADA-872,DET-ADA-870; DET-SITE-645; DET-STRM-146,CBC 11B-406.6,DIAGONAL RAMP PER DET. ADA-859
P-ADA-PROTOBJ,DET-ADA-885 to 887,DET-LNDS-475; DET-TRFC-930; DET-SITE-655,CBC 11B-307,PROTRUDING OBJECT LIMITS PER DET. ADA-885
P-ADA-TEXTURE,DET-ADA-890 to 891; DET-PAVE-820,DET-PAVE-800; DET-ADA-850; DET-SITE-660,CBC 11B-302,SURFACE TEXTURE PER DET. ADA-890
P-ADA-COUNTER,DET-ADA-895 to 897,DET-SITE-670 to 671,CBC 11B-904,ACCESSIBLE COUNTER PER DET. ADA-895
P-ADA-OPERABLE,DET-ADA-892 to 893; DET-SITE-665,DET-SITE-675 to 676,CBC 11B-309,OPERABLE PARTS PER DET. ADA-892
P-ADA-SLOPE,DET-ADA-853; DET-ADA-864; DET-GRAD-405,DET-ADA-855 to 857; DET-SITE-680; DET-ADA-875,CBC 11B-405.2,RUNNING SLOPE ≤ 5.0% PER DET. ADA-853
P-ADA-CLEAR,DET-ADA-898 to 899,DET-SITE-685; DET-LNDS-480,CBC 11B-305,CLEAR SPACE PER DET. ADA-898
E-STRM-PIPE,DET-STRM-100 to 104,DET-GRAD-375; DET-SITE-550; DET-STRM-125,Caltrans Sec. 19,"18"" RCP CLS III PER DET-STRM-100"
P-STRM-PIPE,DET-STRM-100 to 104,DET-GRAD-375; DET-SITE-550; DET-STRM-125,Caltrans Sec. 19,"18"" RCP CLS III PER DET-STRM-100"
E-STRM-PIPE-6IN,DET-STRM-105 to 106,DET-STRM-100 to 104; DET-SITE-525,Min 2.0% slope,"6"" PVC LATERAL PER DET-STRM-105"
P-STRM-PIPE-6IN,DET-STRM-105 to 106,DET-STRM-100 to 104; DET-SITE-525,Min 2.0% slope,"6"" PVC LATERAL PER DET-STRM-105"
E-STRM-PIPE-8IN,DET-STRM-107 to 108,DET-STRM-100 to 104; DET-STRM-125,Min 1.5% slope,"8"" RCP CLS II PER DET-STRM-107"
P-STRM-PIPE-8IN,DET-STRM-107 to 108,DET-STRM-100 to 104; DET-STRM-125,Min 1.5% slope,"8"" RCP CLS II PER DET-STRM-107"
E-STRM-PIPE-12IN,DET-STRM-109 to 110,DET-STRM-100 to 104; DET-STRM-125 to 130,Min 1.0% slope,"12"" RCP CLS III PER DET-STRM-109"
P-STRM-PIPE-12IN,DET-STRM-109 to 110,DET-STRM-100 to 104; DET-STRM-125 to 130,Min 1.0% slope,"12"" RCP CLS III PER DET-STRM-109"
E-STRM-PIPE-18IN,DET-STRM-111 to 112,DET-STRM-100 to 104; DET-STRM-135,Min 0.8% slope,"18"" RCP CLS III PER DET-STRM-111"
P-STRM-PIPE-18IN,DET-STRM-111 to 112,DET-STRM-100 to 104; DET-STRM-135,Min 0.8% slope,"18"" RCP CLS III PER DET-STRM-111"
E-STRM-PIPE-24IN,DET-STRM-113 to 114,DET-STRM-100 to 104,Min 0.6% slope,"24"" RCP CLS IV PER DET-STRM-113"
P-STRM-PIPE-24IN,DET-STRM-113 to 114,DET-STRM-100 to 104,Min 0.6% slope,"24"" RCP CLS IV PER DET-STRM-113"
E-STRM-PIPE-30IN+,DET-STRM-115 to 117,DET-STRM-104; DET-GRAD-380,Geotech review required,"36"" RCP CLS IV PER DET-STRM-115"
P-STRM-PIPE-30IN+,DET-STRM-115 to 117,DET-STRM-104; DET-GRAD-380,Geotech review required,"36"" RCP CLS IV PER DET-STRM-115"
E-STRM-CB,DET-STRM-125 to 129,DET-STRM-145; DET-PAVE-825; DET-SITE-540,Caltrans B13 series,TYPE A CATCH BASIN PER DET-STRM-125
P-STRM-CB,DET-STRM-125 to 129,DET-STRM-145; DET-PAVE-825; DET-SITE-540,Caltrans B13 series,TYPE A CATCH BASIN PER DET-STRM-125
E-STRM-CB-A,DET-STRM-125; DET-STRM-130,DET-STRM-126 to 129,4' dia standard,TYPE A CB (4' DIA) PER CALTRANS B13-1
P-STRM-CB-A,DET-STRM-125; DET-STRM-130,DET-STRM-126 to 129,4' dia standard,TYPE A CB (4' DIA) PER CALTRANS B13-1
E-STRM-CB-B,DET-STRM-131 to 132,DET-STRM-126 to 129,6' dia high flow,TYPE B CB (6' DIA) PER CALTRANS B13-3
P-STRM-CB-B,DET-STRM-131 to 132,DET-STRM-126 to 129,6' dia high flow,TYPE B CB (6' DIA) PER CALTRANS B13-3
E-STRM-MH,DET-STRM-135 to 139,DET-STRM-100 to 104; DET-SITE-545,Caltrans B10 series,4' DIA STORM MH PER DET-STRM-135
P-STRM-MH,DET-STRM-135 to 139,DET-STRM-100 to 104; DET-SITE-545,Caltrans B10 series,4' DIA STORM MH PER DET-STRM-135
E-STRM-INLET,DET-STRM-140 to 144,DET-STRM-145; DET-PAVE-830; DET-SITE-555,Caltrans B13-10 to 20,CURB INLET W/ DEPRESSION PER DET-STRM-141
P-STRM-INLET,DET-STRM-140 to 144,DET-STRM-145; DET-PAVE-830; DET-SITE-555,Caltrans B13-10 to 20,CURB INLET W/ DEPRESSION PER DET-STRM-141
E-STRM-AREADRAIN,DET-STRM-150 to 153,DET-SITE-555; DET-LNDS-470; DET-STRM-105,"12"" min sump","12""×12"" AREA DRAIN PER DET-STRM-150"
P-STRM-AREADRAIN,DET-STRM-150 to 153,DET-SITE-555; DET-LNDS-470; DET-STRM-105,"12"" min sump","12""×12"" AREA DRAIN PER DET-STRM-150"
E-STRM-CLEANOUT,DET-STRM-155 to 157,DET-STRM-100; DET-SITE-560,300' max spacing,CLEANOUT PER DET-STRM-155 AT UPSTREAM END
P-STRM-CLEANOUT,DET-STRM-155 to 157,DET-STRM-100; DET-SITE-560,300' max spacing,CLEANOUT PER DET-STRM-155 AT UPSTREAM END
E-STRM-GUTTER,DET-STRM-160 to 163,DET-PAVE-835; DET-ADA-855; DET-SITE-565,Caltrans A88A,STD CURB & GUTTER PER DET-STRM-160
P-STRM-GUTTER,DET-STRM-160 to 163,DET-PAVE-835; DET-ADA-855; DET-SITE-565,Caltrans A88A,STD CURB & GUTTER PER DET-STRM-160
E-STRM-SWALE,DET-STRM-165 to 168,DET-GRAD-385; DET-LNDS-465; DET-SITE-570,0.5% min slope,GRASS-LINED SWALE PER DET-STRM-165
P-STRM-SWALE,DET-STRM-165 to 168,DET-GRAD-385; DET-LNDS-465; DET-SITE-570,0.5% min slope,GRASS-LINED SWALE PER DET-STRM-165
E-STRM-HEADWALL,DET-STRM-170 to 173,DET-STRM-100; DET-GRAD-390; DET-SITE-575,Caltrans B20,STD HEADWALL PER DET-STRM-170
P-STRM-HEADWALL,DET-STRM-170 to 173,DET-STRM-100; DET-GRAD-390; DET-SITE-575,Caltrans B20,STD HEADWALL PER DET-STRM-170
E-STRM-CHANNEL,DET-STRM-175 to 178,DET-GRAD-395; DET-SITE-580; DET-STRM-185,1' min freeboard,CONCRETE CHANNEL PER DET-STRM-175
P-STRM-CHANNEL,DET-STRM-175 to 178,DET-GRAD-395; DET-SITE-580; DET-STRM-185,1' min freeboard,CONCRETE CHANNEL PER DET-STRM-175
E-STRM-CULVERT,DET-STRM-180 to 183,DET-STRM-170 to 173; DET-GRAD-400; DET-SITE-585,Caltrans B40,6'×4' SINGLE CELL BOX CULVERT PER DET-STRM-180
P-STRM-CULVERT,DET-STRM-180 to 183,DET-STRM-170 to 173; DET-GRAD-400; DET-SITE-585,Caltrans B40,6'×4' SINGLE CELL BOX CULVERT PER DET-STRM-180
E-STRM-DETENTION,DET-STRM-185 to 188,DET-GRAD-405; DET-SITE-590; DET-LNDS-460,100-yr spillway,DETENTION BASIN PER DET-STRM-185
P-STRM-DETENTION,DET-STRM-185 to 188,DET-GRAD-405; DET-SITE-590; DET-LNDS-460,100-yr spillway,DETENTION BASIN PER DET-STRM-185
E-STRM-BIORETENTION,DET-STRM-190 to 193,DET-LNDS-461; DET-IRRG-735; DET-SITE-595,NPDES/LID,BIORETENTION BASIN PER DET-STRM-190
P-STRM-BIORETENTION,DET-STRM-190 to 193,DET-LNDS-461; DET-IRRG-735; DET-SITE-595,NPDES/LID,BIORETENTION BASIN PER DET-STRM-190
E-STRM-BIOFILTRATION,DET-STRM-194 to 196,DET-STRM-165 to 168; DET-STRM-191,CA BMP Handbook,BIOFILTRATION SWALE PER DET-STRM-194
P-STRM-BIOFILTRATION,DET-STRM-194 to 196,DET-STRM-165 to 168; DET-STRM-191,CA BMP Handbook,BIOFILTRATION SWALE PER DET-STRM-194
E-STRM-FILTERSTRIP,DET-STRM-197 to 198,DET-LNDS-462; DET-GRAD-410,20' min width,VEGETATED FILTER STRIP PER DET-STRM-197
P-STRM-FILTERSTRIP,DET-STRM-197 to 198,DET-LNDS-462; DET-GRAD-410,20' min width,VEGETATED FILTER STRIP PER DET-STRM-197
E-STRM-HYDRODYNAMIC,DET-STRM-199,DET-STRM-125; DET-STRM-135,Caltrans approved,HYDRODYNAMIC SEPARATOR PER DET-STRM-199
P-STRM-HYDRODYNAMIC,DET-STRM-199,DET-STRM-125; DET-STRM-135,Caltrans approved,HYDRODYNAMIC SEPARATOR PER DET-STRM-199
E-WATR-MAIN,DET-WATR-200 to 205,DET-GRAD-375; DET-SITE-550; DET-WATR-240,AWWA C600,"8"" DIP CLS 350 PER DET-WATR-200"
P-WATR-MAIN,DET-WATR-200 to 205,DET-GRAD-375; DET-SITE-550; DET-WATR-240,AWWA C600,"8"" DIP CLS 350 PER DET-WATR-200"
E-WATR-MAIN-4IN,DET-WATR-206 to 207,DET-WATR-200 to 205; DET-WATR-225,Min size no fire flow,"4"" DIP (MIN SIZE) PER DET-WATR-206"
P-WATR-MAIN-4IN,DET-WATR-206 to 207,DET-WATR-200 to 205; DET-WATR-225,Min size no fire flow,"4"" DIP (MIN SIZE) PER DET-WATR-206"
E-WATR-MAIN-6IN,DET-WATR-208 to 209,DET-WATR-200 to 205; DET-WATR-220,Min fire hydrant size,"6"" DIP CLS 350 PER DET-WATR-208"
P-WATR-MAIN-6IN,DET-WATR-208 to 209,DET-WATR-200 to 205; DET-WATR-220,Min fire hydrant size,"6"" DIP CLS 350 PER DET-WATR-208"
E-WATR-MAIN-8IN,DET-WATR-210 to 211,DET-WATR-200 to 205; DET-WATR-220 to 222,Standard commercial,"8"" DIP CLS 350 PER DET-WATR-210"
P-WATR-MAIN-8IN,DET-WATR-210 to 211,DET-WATR-200 to 205; DET-WATR-220 to 222,Standard commercial,"8"" DIP CLS 350 PER DET-WATR-210"
E-WATR-MAIN-12IN,DET-WATR-212 to 213,DET-WATR-200 to 205; DET-WATR-245,Transmission main,"12"" DIP CLS 350 PER DET-WATR-212"
P-WATR-MAIN-12IN,DET-WATR-212 to 213,DET-WATR-200 to 205; DET-WATR-245,Transmission main,"12"" DIP CLS 350 PER DET-WATR-212"
E-WATR-MAIN-16IN+,DET-WATR-214 to 216,DET-WATR-205; DET-GRAD-380,Purveyor approval req'd,"16"" DIP CLS 350 PER DET-WATR-214"
P-WATR-MAIN-16IN+,DET-WATR-214 to 216,DET-WATR-205; DET-GRAD-380,Purveyor approval req'd,"16"" DIP CLS 350 PER DET-WATR-214"
E-WATR-FH,DET-WATR-220 to 224,DET-SITE-605; DET-PAVE-840; DET-LNDS-468,AWWA C502,FIRE HYDRANT PER DET-WATR-220 (AWWA C502)
P-WATR-FH,DET-WATR-220 to 224,DET-SITE-605; DET-PAVE-840; DET-LNDS-468,AWWA C502,FIRE HYDRANT PER DET-WATR-220 (AWWA C502)
E-WATR-FH-PRIVATE,DET-WATR-225 to 226,DET-WATR-220 to 224; DET-WATR-270,Mark PRIVATE,PRIVATE FIRE HYDRANT PER DET-WATR-225
P-WATR-FH-PRIVATE,DET-WATR-225 to 226,DET-WATR-220 to 224; DET-WATR-270,Mark PRIVATE,PRIVATE FIRE HYDRANT PER DET-WATR-225
E-WATR-VALVE,DET-WATR-240 to 244,DET-WATR-200; DET-SITE-610; DET-PAVE-845,AWWA C509,"8"" GATE VALVE PER DET-WATR-240 (AWWA C509)"
P-WATR-VALVE,DET-WATR-240 to 244,DET-WATR-200; DET-SITE-610; DET-PAVE-845,AWWA C509,"8"" GATE VALVE PER DET-WATR-240 (AWWA C509)"
E-WATR-VALVE-AIR,DET-WATR-245 to 247,DET-WATR-240; DET-SITE-615,AWWA C512,"2"" AIR RELEASE VALVE PER DET-WATR-245"
P-WATR-VALVE-AIR,DET-WATR-245 to 247,DET-WATR-240; DET-SITE-615,AWWA C512,"2"" AIR RELEASE VALVE PER DET-WATR-245"
E-WATR-VALVE-PRV,DET-WATR-248 to 249,DET-WATR-240 to 243; DET-SITE-620,AWWA M49,"8"" PRV PER DET-WATR-248 (REDUCE TO 65 PSI)"
P-WATR-VALVE-PRV,DET-WATR-248 to 249,DET-WATR-240 to 243; DET-SITE-620,AWWA M49,"8"" PRV PER DET-WATR-248 (REDUCE TO 65 PSI)"
E-WATR-VALVE-CHECK,DET-WATR-250 to 251,DET-WATR-240; DET-SITE-625,AWWA C508,"8"" SWING CHECK VALVE PER DET-WATR-250"
P-WATR-VALVE-CHECK,DET-WATR-250 to 251,DET-WATR-240; DET-SITE-625,AWWA C508,"8"" SWING CHECK VALVE PER DET-WATR-250"
E-WATR-SERVICE,DET-WATR-255 to 259,DET-WATR-260; DET-SITE-630 to 631,AWWA C800,"1"" COPPER TYPE K SERVICE PER DET-WATR-255"
P-WATR-SERVICE,DET-WATR-255 to 259,DET-WATR-260; DET-SITE-630 to 631,AWWA C800,"1"" COPPER TYPE K SERVICE PER DET-WATR-255"
E-WATR-SERVICE-FIRE,DET-WATR-270 to 272,DET-WATR-255 to 259; DET-WATR-260; DET-SITE-635,Detector check req'd,"6"" FIRE SERVICE PER DET-WATR-270"
P-WATR-SERVICE-FIRE,DET-WATR-270 to 272,DET-WATR-255 to 259; DET-WATR-260; DET-SITE-635,Detector check req'd,"6"" FIRE SERVICE PER DET-WATR-270"
E-WATR-METER,DET-WATR-260 to 264,DET-WATR-255 to 259; DET-SITE-640 to 641,AWWA C700 series,"1"" METER IN METER BOX PER DET-WATR-260"
P-WATR-METER,DET-WATR-260 to 264,DET-WATR-255 to 259; DET-SITE-640 to 641,AWWA C700 series,"1"" METER IN METER BOX PER DET-WATR-260"
E-WATR-BACKFLOW,DET-WATR-265 to 269,DET-WATR-260; DET-IRRG-720; DET-SITE-645,AWWA C510/C511,"4"" RP BACKFLOW PREVENTER PER DET-WATR-265"
P-WATR-BACKFLOW,DET-WATR-265 to 269,DET-WATR-260; DET-IRRG-720; DET-SITE-645,AWWA C510/C511,"4"" RP BACKFLOW PREVENTER PER DET-WATR-265"
E-WATR-FITTING,DET-WATR-275 to 278,DET-WATR-205; DET-WATR-240; DET-WATR-280,AWWA C110/C153,"8"" DI 90° BEND PER DET-WATR-275"
P-WATR-FITTING,DET-WATR-275 to 278,DET-WATR-205; DET-WATR-240; DET-WATR-280,AWWA C110/C153,"8"" DI 90° BEND PER DET-WATR-275"
E-WATR-THRUST,DET-WATR-280 to 283,DET-WATR-205; DET-WATR-275 to 278,AWWA M11,CONCRETE THRUST BLOCK PER DET-WATR-280
P-WATR-THRUST,DET-WATR-280 to 283,DET-WATR-205; DET-WATR-275 to 278,AWWA M11,CONCRETE THRUST BLOCK PER DET-WATR-280
E-WATR-BLOWOFF,DET-WATR-285 to 286,DET-WATR-240; DET-STRM-135,Dead-end mains,"2"" BLOW-OFF ASSEMBLY PER DET-WATR-285"
P-WATR-BLOWOFF,DET-WATR-285 to 286,DET-WATR-240; DET-STRM-135,Dead-end mains,"2"" BLOW-OFF ASSEMBLY PER DET-WATR-285"
E-WATR-DRAIN,DET-WATR-287 to 288,DET-WATR-240; DET-WATR-285,Low points,DRAIN VALVE PER DET-WATR-287 AT LOW POINT
P-WATR-DRAIN,DET-WATR-287 to 288,DET-WATR-240; DET-WATR-285,Low points,DRAIN VALVE PER DET-WATR-287 AT LOW POINT
E-WATR-TRACER,DET-WATR-290 to 291,DET-WATR-200; DET-WATR-240,Required non-metallic,TRACER WIRE PER DET-WATR-290 ON ALL PVC MAINS
P-WATR-TRACER,DET-WATR-290 to 291,DET-WATR-200; DET-WATR-240,Required non-metallic,TRACER WIRE PER DET-WATR-290 ON ALL PVC MAINS
E-WATR-CONNECT,DET-WATR-292 to 294,DET-WATR-240; DET-WATR-275,Purveyor inspection,"WET TAP CONNECT TO EXIST 8"" MAIN PER DET-WATR-292"
P-WATR-CONNECT,DET-WATR-292 to 294,DET-WATR-240; DET-WATR-275,Purveyor inspection,"WET TAP CONNECT TO EXIST 8"" MAIN PER DET-WATR-292"
E-WATR-ABANDON,DET-WATR-295 to 297,DET-WATR-240; DET-WATR-275,Cap & fill,"ABANDON EXIST 6"" MAIN IN PLACE PER DET-WATR-295"
P-WATR-ABANDON,DET-WATR-295 to 297,DET-WATR-240; DET-WATR-275,Cap & fill,"ABANDON EXIST 6"" MAIN IN PLACE PER DET-WATR-295"
E-WATR-TEMP,DET-WATR-298 to 299,DET-WATR-220; DET-WATR-265 to 268,Meter + backflow,TEMP CONSTRUCTION WATER PER DET-WATR-298
P-WATR-TEMP,DET-WATR-298 to 299,DET-WATR-220; DET-WATR-265 to 268,Meter + backflow,TEMP CONSTRUCTION WATER PER DET-WATR-298
E-SAN_-MAIN,DET-SAN_-300 to 305,DET-GRAD-375; DET-SITE-550; DET-SAN_-320,Caltrans Sec. 39,"8"" PVC SDR 35 SEWER MAIN PER DET-SAN_-300"
P-SAN_-MAIN,DET-SAN_-300 to 305,DET-GRAD-375; DET-SITE-550; DET-SAN_-320,Caltrans Sec. 39,"8"" PVC SDR 35 SEWER MAIN PER DET-SAN_-300"
E-SAN_-MAIN-4IN,DET-SAN_-306 to 307,DET-SAN_-300 to 305; DET-SAN_-340,Lateral only,"4"" PVC SDR 35 LATERAL PER DET-SAN_-306"
P-SAN_-MAIN-4IN,DET-SAN_-306 to 307,DET-SAN_-300 to 305; DET-SAN_-340,Lateral only,"4"" PVC SDR 35 LATERAL PER DET-SAN_-306"
E-SAN_-MAIN-6IN,DET-SAN_-308 to 309,DET-SAN_-300 to 305; DET-SAN_-320,Min public main,"6"" PVC SDR 35 SEWER MAIN PER DET-SAN_-308"
P-SAN_-MAIN-6IN,DET-SAN_-308 to 309,DET-SAN_-300 to 305; DET-SAN_-320,Min public main,"6"" PVC SDR 35 SEWER MAIN PER DET-SAN_-308"
E-SAN_-MAIN-8IN,DET-SAN_-310 to 311,DET-SAN_-300 to 305; DET-SAN_-320 to 325,Standard main size,"8"" PVC SDR 35 SEWER MAIN PER DET-SAN_-310"
P-SAN_-MAIN-8IN,DET-SAN_-310 to 311,DET-SAN_-300 to 305; DET-SAN_-320 to 325,Standard main size,"8"" PVC SDR 35 SEWER MAIN PER DET-SAN_-310"
E-SAN_-MAIN-10IN,DET-SAN_-312 to 313,DET-SAN_-300 to 305; DET-SAN_-320 to 325,Collector sewer,"10"" PVC SDR 35 SEWER MAIN PER DET-SAN_-312"
P-SAN_-MAIN-10IN,DET-SAN_-312 to 313,DET-SAN_-300 to 305; DET-SAN_-320 to 325,Collector sewer,"10"" PVC SDR 35 SEWER MAIN PER DET-SAN_-312"
E-SAN_-MAIN-12IN,DET-SAN_-314 to 315,DET-SAN_-300 to 305; DET-SAN_-325,Trunk sewer,"12"" PVC SDR 35 TRUNK SEWER PER DET-SAN_-314"
P-SAN_-MAIN-12IN,DET-SAN_-314 to 315,DET-SAN_-300 to 305; DET-SAN_-325,Trunk sewer,"12"" PVC SDR 35 TRUNK SEWER PER DET-SAN_-314"
E-SAN_-MAIN-15IN+,DET-SAN_-316 to 318,DET-GRAD-380; DET-SAN_-328,Agency approval,"18"" PVC SDR 35 TRUNK SEWER PER DET-SAN_-316"
P-SAN_-MAIN-15IN+,DET-SAN_-316 to 318,DET-GRAD-380; DET-SAN_-328,Agency approval,"18"" PVC SDR 35 TRUNK SEWER PER DET-SAN_-316"
E-SAN_-MH,DET-SAN_-320 to 325,DET-SAN_-300 to 305; DET-SITE-545; DET-PAVE-850,Caltrans B11,"48"" DIA SEWER MH PER DET-SAN_-320"
P-SAN_-MH,DET-SAN_-320 to 325,DET-SAN_-300 to 305; DET-SITE-545; DET-PAVE-850,Caltrans B11,"48"" DIA SEWER MH PER DET-SAN_-320"
E-SAN_-MH-DROP,DET-SAN_-325 to 327,DET-SAN_-320 to 324; DET-SAN_-300,"> 24"" drop","DROP MH (INSIDE) PER DET-SAN_-326 FOR 18"" DROP"
P-SAN_-MH-DROP,DET-SAN_-325 to 327,DET-SAN_-320 to 324; DET-SAN_-300,"> 24"" drop","DROP MH (INSIDE) PER DET-SAN_-326 FOR 18"" DROP"
E-SAN_-MH-60IN,DET-SAN_-328 to 329,DET-SAN_-320 to 325; DET-SAN_-316,Large pipe access,"60"" DIA SEWER MH PER DET-SAN_-328"
P-SAN_-MH-60IN,DET-SAN_-328 to 329,DET-SAN_-320 to 325; DET-SAN_-316,Large pipe access,"60"" DIA SEWER MH PER DET-SAN_-328"
E-SAN_-LATERAL,DET-SAN_-340 to 343,DET-SAN_-306 to 309; DET-SITE-630; DET-SAN_-350,"4"" min residential","4"" PVC SDR 35 LATERAL PER DET-SAN_-340"
P-SAN_-LATERAL,DET-SAN_-340 to 343,DET-SAN_-306 to 309; DET-SITE-630; DET-SAN_-350,"4"" min residential","4"" PVC SDR 35 LATERAL PER DET-SAN_-340"
E-SAN_-CLEANOUT,DET-SAN_-345 to 348,DET-SAN_-340 to 343; DET-SITE-560,Property line req'd,"4"" CLEANOUT AT PROPERTY LINE PER DET-SAN_-346"
P-SAN_-CLEANOUT,DET-SAN_-345 to 348,DET-SAN_-340 to 343; DET-SITE-560,Property line req'd,"4"" CLEANOUT AT PROPERTY LINE PER DET-SAN_-346"
E-SAN_-UPPER,DET-SAN_-350 to 351,DET-SAN_-340 to 348,Private - owner maint,UPPER LATERAL (PRIVATE) PER DET-SAN_-350
P-SAN_-UPPER,DET-SAN_-350 to 351,DET-SAN_-340 to 348,Private - owner maint,UPPER LATERAL (PRIVATE) PER DET-SAN_-350
E-SAN_-FORCEMAIN,DET-SAN_-355 to 358,DET-WATR-200; DET-WATR-245; DET-SAN_-365,Pressure sewer,"6"" PVC C900 DR 18 FORCE MAIN PER DET-SAN_-355"
P-SAN_-FORCEMAIN,DET-SAN_-355 to 358,DET-WATR-200; DET-WATR-245; DET-SAN_-365,Pressure sewer,"6"" PVC C900 DR 18 FORCE MAIN PER DET-SAN_-355"
E-SAN_-LIFTSTATION,DET-SAN_-360 to 364,DET-SAN_-355 to 358; DET-SITE-700,Agency ownership,SUBMERSIBLE PUMP STATION PER DET-SAN_-361
P-SAN_-LIFTSTATION,DET-SAN_-360 to 364,DET-SAN_-355 to 358; DET-SITE-700,Agency ownership,SUBMERSIBLE PUMP STATION PER DET-SAN_-361
E-SAN_-GRINDER,DET-SAN_-365 to 366,DET-SAN_-355,Individual service,GRINDER PUMP STATION PER DET-SAN_-365
P-SAN_-GRINDER,DET-SAN_-365 to 366,DET-SAN_-355,Individual service,GRINDER PUMP STATION PER DET-SAN_-365
E-SAN_-SEPTIC,DET-SAN_-370 to 372,DET-SAN_-375; DET-GRAD-420; DET-SITE-705,Env Health approval,1000 GAL SEPTIC TANK PER DET-SAN_-370
P-SAN_-SEPTIC,DET-SAN_-370 to 372,DET-SAN_-375; DET-GRAD-420; DET-SITE-705,Env Health approval,1000 GAL SEPTIC TANK PER DET-SAN_-370
E-SAN_-LEACHFIELD,DET-SAN_-375 to 378,DET-SAN_-370 to 372; DET-GRAD-420; DET-SITE-706,Perc test required,STANDARD LEACH FIELD PER DET-SAN_-375
P-SAN_-LEACHFIELD,DET-SAN_-375 to 378,DET-SAN_-370 to 372; DET-GRAD-420; DET-SITE-706,Perc test required,STANDARD LEACH FIELD PER DET-SAN_-375
E-SAN_-CASING,DET-SAN_-380 to 382,DET-SAN_-300; DET-GRAD-425,Road/RR crossings,"24"" STEEL CASING FOR 12"" SEWER PER DET-SAN_-380"
P-SAN_-CASING,DET-SAN_-380 to 382,DET-SAN_-300; DET-GRAD-425,Road/RR crossings,"24"" STEEL CASING FOR 12"" SEWER PER DET-SAN_-380"
E-SAN_-ENCASEMENT,DET-SAN_-383 to 384,DET-SAN_-300; DET-WATR-200,Water crossings,CONCRETE ENCASEMENT PER DET-SAN_-384
P-SAN_-ENCASEMENT,DET-SAN_-383 to 384,DET-SAN_-300; DET-WATR-200,Water crossings,CONCRETE ENCASEMENT PER DET-SAN_-384
E-SAN_-TRACER,DET-SAN_-385 to 386,DET-SAN_-300; DET-SAN_-320,Required non-metallic,TRACER WIRE PER DET-SAN_-385 ON ALL PVC MAINS
P-SAN_-TRACER,DET-SAN_-385 to 386,DET-SAN_-300; DET-SAN_-320,Required non-metallic,TRACER WIRE PER DET-SAN_-385 ON ALL PVC MAINS
E-SAN_-CONNECT,DET-SAN_-390 to 392,DET-SAN_-320; DET-SAN_-341,Agency inspection,CONNECT TO EXIST MH PER DET-SAN_-391
P-SAN_-CONNECT,DET-SAN_-390 to 392,DET-SAN_-320; DET-SAN_-341,Agency inspection,CONNECT TO EXIST MH PER DET-SAN_-391
E-SAN_-ABANDON,DET-SAN_-395 to 397,DET-SAN_-320; DET-SAN_-300,Cap & fill slurry,"ABANDON EXIST 8"" SEWER IN PLACE PER DET-SAN_-395"
P-SAN_-ABANDON,DET-SAN_-395 to 397,DET-SAN_-320; DET-SAN_-300,Cap & fill slurry,"ABANDON EXIST 8"" SEWER IN PLACE PER DET-SAN_-395"
E-SAN_-TEMP,DET-SAN_-398 to 399,DET-SAN_-360; DET-SAN_-355,Maintain service,TEMPORARY SEWER BYPASS PER DET-SAN_-398
P-SAN_-TEMP,DET-SAN_-398 to 399,DET-SAN_-360; DET-SAN_-355,Maintain service,TEMPORARY SEWER BYPASS PER DET-SAN_-398
E-TOPO-MAJOR,DET-GRAD-350 to 352,DET-GRAD-353; DET-GRAD-360,5' or 10' interval,MAJOR CONTOURS (5' INTERVAL) PER DET-GRAD-350
P-TOPO-MAJOR,DET-GRAD-350 to 352,DET-GRAD-353; DET-GRAD-360,5' or 10' interval,MAJOR CONTOURS (5' INTERVAL) PER DET-GRAD-350
E-TOPO-MINOR,DET-GRAD-353 to 354,DET-GRAD-350; DET-GRAD-360,1' or 2' interval,MINOR CONTOURS (1' INTERVAL) PER DET-GRAD-353
P-TOPO-MINOR,DET-GRAD-353 to 354,DET-GRAD-350; DET-GRAD-360,1' or 2' interval,MINOR CONTOURS (1' INTERVAL) PER DET-GRAD-353
E-TOPO-SPOT,DET-GRAD-355 to 356,DET-GRAD-350 to 354; DET-SITE-600,0.01' precision,SPOT ELEVATIONS PER DET-GRAD-355
P-TOPO-SPOT,DET-GRAD-355 to 356,DET-GRAD-350 to 354; DET-SITE-600,0.01' precision,SPOT ELEVATIONS PER DET-GRAD-355
E-SURVEY-CONTROL,DET-GRAD-357 to 359,DET-GRAD-355; DET-SITE-610,CA Land Surveyors Act,PRESERVE EXIST MONUMENT PER DET-GRAD-358
P-SURVEY-CONTROL,DET-GRAD-357 to 359,DET-GRAD-355; DET-SITE-610,CA Land Surveyors Act,PRESERVE EXIST MONUMENT PER DET-GRAD-358
E-GRAD-SURFACE,DET-GRAD-360 to 363,DET-GRAD-350 to 356; DET-STRM-165; DET-ADA-853,Min 2% drainage,FINISH GRADES PER DET-GRAD-360
P-GRAD-SURFACE,DET-GRAD-360 to 363,DET-GRAD-350 to 356; DET-STRM-165; DET-ADA-853,Min 2% drainage,FINISH GRADES PER DET-GRAD-360
E-GRAD-SLOPE,DET-GRAD-365 to 368,DET-GRAD-375; DET-GRAD-380; DET-LNDS-470,2:1 max typical,CUT/FILL SLOPES 2:1 MAX PER DET-GRAD-365
P-GRAD-SLOPE,DET-GRAD-365 to 368,DET-GRAD-375; DET-GRAD-380; DET-LNDS-470,2:1 max typical,CUT/FILL SLOPES 2:1 MAX PER DET-GRAD-365
E-GRAD-RETAINING,DET-GRAD-370 to 374,DET-SITE-700; DET-GRAD-365 to 368,SE design > 4',RETAINING WALL PER DET-GRAD-370
P-GRAD-RETAINING,DET-GRAD-370 to 374,DET-SITE-700; DET-GRAD-365 to 368,SE design > 4',RETAINING WALL PER DET-GRAD-370
E-GRAD-CUTFILL,DET-GRAD-375 to 378,DET-GRAD-365 to 368; DET-GRAD-380; DET-GRAD-390,Shrink/bulk factors,CUT/FILL QUANTITIES PER DET-GRAD-375
P-GRAD-CUTFILL,DET-GRAD-375 to 378,DET-GRAD-365 to 368; DET-GRAD-380; DET-GRAD-390,Shrink/bulk factors,CUT/FILL QUANTITIES PER DET-GRAD-375
E-GRAD-COMPACTION,DET-GRAD-380 to 383,DET-GRAD-375 to 378; DET-PAVE-800; DET-GRAD-400,90-95% per location,COMPACTION 95% PER DET-GRAD-380 (UNDER PAVEMENT)
P-GRAD-COMPACTION,DET-GRAD-380 to 383,DET-GRAD-375 to 378; DET-PAVE-800; DET-GRAD-400,90-95% per location,COMPACTION 95% PER DET-GRAD-380 (UNDER PAVEMENT)
E-GRAD-STRIPPING,DET-GRAD-384 to 386,DET-GRAD-375; DET-LNDS-460; DET-GRAD-390,"6""-12"" depth","STRIP TOPSOIL 6"" DEPTH PER DET-GRAD-384"
P-GRAD-STRIPPING,DET-GRAD-384 to 386,DET-GRAD-375; DET-LNDS-460; DET-GRAD-390,"6""-12"" depth","STRIP TOPSOIL 6"" DEPTH PER DET-GRAD-384"
E-GRAD-OVEREX,DET-GRAD-387 to 389,DET-GRAD-384 to 386; DET-GRAD-380; DET-SITE-710,Per geotech report,OVEREXCAVATE 2' DEPTH PER DET-GRAD-387
P-GRAD-OVEREX,DET-GRAD-387 to 389,DET-GRAD-384 to 386; DET-GRAD-380; DET-SITE-710,Per geotech report,OVEREXCAVATE 2' DEPTH PER DET-GRAD-387
E-GRAD-EROSION,DET-GRAD-390 to 393,DET-GRAD-395; DET-GRAD-400; DET-STRM-190,SWPPP ≥ 1 acre,EROSION CONTROL PER DET-GRAD-390 AND SWPPP
P-GRAD-EROSION,DET-GRAD-390 to 393,DET-GRAD-395; DET-GRAD-400; DET-STRM-190,SWPPP ≥ 1 acre,EROSION CONTROL PER DET-GRAD-390 AND SWPPP
E-GRAD-SILTFENCE,DET-GRAD-395 to 397,DET-GRAD-390; DET-STRM-188; DET-SITE-720,Weekly inspection,SILT FENCE PER DET-GRAD-395
P-GRAD-SILTFENCE,DET-GRAD-395 to 397,DET-GRAD-390; DET-STRM-188; DET-SITE-720,Weekly inspection,SILT FENCE PER DET-GRAD-395
E-GRAD-HYDROSEED,DET-GRAD-398 to 399,DET-LNDS-465; DET-GRAD-390; DET-GRAD-365 to 368,40-60 lbs/acre,HYDROSEED DISTURBED AREAS PER DET-GRAD-398
P-GRAD-HYDROSEED,DET-GRAD-398 to 399,DET-LNDS-465; DET-GRAD-390; DET-GRAD-365 to 368,40-60 lbs/acre,HYDROSEED DISTURBED AREAS PER DET-GRAD-398
E-GRAD-TRENCH,DET-GRAD-400 to 403,DET-STRM-102; DET-WATR-202; DET-SAN_-302; DET-GRAD-380,OSHA 1926 Subpart P,UTILITY TRENCH PER DET-GRAD-400
P-GRAD-TRENCH,DET-GRAD-400 to 403,DET-STRM-102; DET-WATR-202; DET-SAN_-302; DET-GRAD-380,OSHA 1926 Subpart P,UTILITY TRENCH PER DET-GRAD-400
E-GRAD-BACKFILL,DET-GRAD-404 to 406,DET-GRAD-380 to 383; DET-STRM-101; DET-WATR-201,90-95% by zone,TRENCH BACKFILL PER DET-GRAD-404
P-GRAD-BACKFILL,DET-GRAD-404 to 406,DET-GRAD-380 to 383; DET-STRM-101; DET-WATR-201,90-95% by zone,TRENCH BACKFILL PER DET-GRAD-404
E-GRAD-SHORING,DET-GRAD-407 to 409,DET-GRAD-400 to 401; DET-SITE-730,Type A/B/C soils,TRENCH SHORING PER DET-GRAD-407 (TYPE B SOIL)
P-GRAD-SHORING,DET-GRAD-407 to 409,DET-GRAD-400 to 401; DET-SITE-730,Type A/B/C soils,TRENCH SHORING PER DET-GRAD-407 (TYPE B SOIL)
E-GRAD-DEWATERING,DET-GRAD-410 to 412,DET-GRAD-400; DET-STRM-135; DET-SITE-735,Discharge permit,DEWATERING PER DET-GRAD-410
P-GRAD-DEWATERING,DET-GRAD-410 to 412,DET-GRAD-400; DET-STRM-135; DET-SITE-735,Discharge permit,DEWATERING PER DET-GRAD-410
E-GRAD-PAD,DET-GRAD-415 to 417,DET-GRAD-360 to 363; DET-GRAD-380; DET-SITE-600,"6"" above curb (CBC)",BUILDING PAD FFE = 125.50' PER DET-GRAD-416
P-GRAD-PAD,DET-GRAD-415 to 417,DET-GRAD-360 to 363; DET-GRAD-380; DET-SITE-600,"6"" above curb (CBC)",BUILDING PAD FFE = 125.50' PER DET-GRAD-416
E-GRAD-FOOTING,DET-GRAD-418 to 420,DET-GRAD-387; DET-GRAD-380; DET-SITE-740,"12"" min depth (CBC)",FOOTING EXCAVATION PER DET-GRAD-418
P-GRAD-FOOTING,DET-GRAD-418 to 420,DET-GRAD-387; DET-GRAD-380; DET-SITE-740,"12"" min depth (CBC)",FOOTING EXCAVATION PER DET-GRAD-418
E-GRAD-CRAWLSPACE,DET-GRAD-421 to 423,DET-GRAD-415 to 417; DET-SITE-745,"18"" min clearance",CRAWL SPACE GRADING PER DET-GRAD-421
P-GRAD-CRAWLSPACE,DET-GRAD-421 to 423,DET-GRAD-415 to 417; DET-SITE-745,"18"" min clearance",CRAWL SPACE GRADING PER DET-GRAD-421
E-GRAD-TEMP,DET-GRAD-425 to 427,DET-GRAD-390 to 399; DET-SITE-750; DET-PAVE-805,Restore after const,TEMPORARY ACCESS ROAD PER DET-GRAD-425
P-GRAD-TEMP,DET-GRAD-425 to 427,DET-GRAD-390 to 399; DET-SITE-750; DET-PAVE-805,Restore after const,TEMPORARY ACCESS ROAD PER DET-GRAD-425
E-GRAD-BENCHMARK,DET-GRAD-428 to 429,DET-GRAD-357 to 359; DET-SITE-755,TBM for control,TEMPORARY BENCHMARK PER DET-GRAD-428
P-GRAD-BENCHMARK,DET-GRAD-428 to 429,DET-GRAD-357 to 359; DET-SITE-755,TBM for control,TEMPORARY BENCHMARK PER DET-GRAD-428
E-GRAD-ROCK,DET-GRAD-430 to 432,DET-GRAD-375; DET-GRAD-378; DET-SITE-760,Per geotech CLS,ROCK EXCAVATION PER DET-GRAD-430
P-GRAD-ROCK,DET-GRAD-430 to 432,DET-GRAD-375; DET-GRAD-378; DET-SITE-760,Per geotech CLS,ROCK EXCAVATION PER DET-GRAD-430
E-GRAD-EXPANSIVE,DET-GRAD-433 to 435,DET-GRAD-387; DET-GRAD-380; DET-SITE-765,EI > 20 treatment,EXPANSIVE SOIL TREATMENT PER DET-GRAD-433
P-GRAD-EXPANSIVE,DET-GRAD-433 to 435,DET-GRAD-387; DET-GRAD-380; DET-SITE-765,EI > 20 treatment,EXPANSIVE SOIL TREATMENT PER DET-GRAD-433
E-GRAD-IMPORT,DET-GRAD-436 to 438,DET-GRAD-380; DET-GRAD-375; DET-SITE-770,Geotech approval,IMPORT FILL PER DET-GRAD-436
P-GRAD-IMPORT,DET-GRAD-436 to 438,DET-GRAD-380; DET-GRAD-375; DET-SITE-770,Geotech approval,IMPORT FILL PER DET-GRAD-436
E-GRAD-EXPORT,DET-GRAD-439 to 441,DET-GRAD-384 to 386; DET-GRAD-425; DET-SITE-775,Disposal receipts,EXPORT UNSUITABLE MATERIAL PER DET-GRAD-439
P-GRAD-EXPORT,DET-GRAD-439 to 441,DET-GRAD-384 to 386; DET-GRAD-425; DET-SITE-775,Disposal receipts,EXPORT UNSUITABLE MATERIAL PER DET-GRAD-439
E-GRAD-SEISMIC,DET-GRAD-442 to 444,DET-GRAD-387 to 389; DET-SITE-780; DET-GRAD-433,CBC Ch 18 ASCE 7,SEISMIC DESIGN PER DET-GRAD-442 AND CBC CHAPTER 18
P-GRAD-SEISMIC,DET-GRAD-442 to 444,DET-GRAD-387 to 389; DET-SITE-780; DET-GRAD-433,CBC Ch 18 ASCE 7,SEISMIC DESIGN PER DET-GRAD-442 AND CBC CHAPTER 18
E-GRAD-GEOGRID,DET-GRAD-445 to 447,DET-GRAD-389; DET-GRAD-367 to 368; DET-GRAD-370,Per manufacturer,GEOGRID REINFORCEMENT PER DET-GRAD-445
P-GRAD-GEOGRID,DET-GRAD-445 to 447,DET-GRAD-389; DET-GRAD-367 to 368; DET-GRAD-370,Per manufacturer,GEOGRID REINFORCEMENT PER DET-GRAD-445
E-GRAD-SETTLEMENT,DET-GRAD-448 to 449,DET-GRAD-442 to 444; DET-SITE-785; DET-GRAD-415,Monitoring program,SETTLEMENT MONITORING PER DET-GRAD-448
P-GRAD-SETTLEMENT,DET-GRAD-448 to 449,DET-GRAD-442 to 444; DET-SITE-785; DET-GRAD-415,Monitoring program,SETTLEMENT MONITORING PER DET-GRAD-448
E-SITE-WALK,DET-SITE-500 to 504,DET-ADA-850 to 853; DET-PAVE-820; DET-GRAD-380,"48"" min width (ADA)",5' WIDE CONCRETE SIDEWALK PER DET-SITE-500
P-SITE-WALK,DET-SITE-500 to 504,DET-ADA-850 to 853; DET-PAVE-820; DET-GRAD-380,"48"" min width (ADA)",5' WIDE CONCRETE SIDEWALK PER DET-SITE-500
E-SITE-PEDPATH,DET-SITE-505 to 508,DET-SITE-500 to 504; DET-ADA-890; DET-LNDS-475,Firm/stable surface,4' WIDE DG PATH PER DET-SITE-506
P-SITE-PEDPATH,DET-SITE-505 to 508,DET-SITE-500 to 504; DET-ADA-890; DET-LNDS-475,Firm/stable surface,4' WIDE DG PATH PER DET-SITE-506
E-SITE-RAMP,DET-SITE-510 to 512,DET-ADA-853 to 854; DET-ADA-875 to 878; DET-ADA-865 to 867,1:12 max slope,ACCESSIBLE RAMP PER DET-SITE-510
P-SITE-RAMP,DET-SITE-510 to 512,DET-ADA-853 to 854; DET-ADA-875 to 878; DET-ADA-865 to 867,1:12 max slope,ACCESSIBLE RAMP PER DET-SITE-510
E-SITE-STEPS,DET-SITE-515 to 518,DET-SITE-510 to 512; DET-ADA-875; DET-SITE-700,Not accessible route,EXTERIOR STEPS PER DET-SITE-515
P-SITE-STEPS,DET-SITE-515 to 518,DET-SITE-510 to 512; DET-ADA-875; DET-SITE-700,Not accessible route,EXTERIOR STEPS PER DET-SITE-515
E-SITE-DRIVEWAY,DET-SITE-520 to 523,DET-PAVE-825; DET-ADA-855 to 858; DET-STRM-160,20% max slope (res),12' WIDE RESIDENTIAL DRIVEWAY PER DET-SITE-520
P-SITE-DRIVEWAY,DET-SITE-520 to 523,DET-PAVE-825; DET-ADA-855 to 858; DET-STRM-160,20% max slope (res),12' WIDE RESIDENTIAL DRIVEWAY PER DET-SITE-520
E-SITE-GATE,DET-SITE-525 to 528,DET-SITE-520 to 523; DET-SITE-675,UL 325 (automatic),AUTOMATIC SWING GATE PER DET-SITE-526
P-SITE-GATE,DET-SITE-525 to 528,DET-SITE-520 to 523; DET-SITE-675,UL 325 (automatic),AUTOMATIC SWING GATE PER DET-SITE-526
E-SITE-TURNAROUND,DET-SITE-530 to 532,DET-PAVE-800; DET-TRFC-950; DET-SITE-535,Fire marshal approval,FIRE APPARATUS TURNAROUND PER DET-SITE-530
P-SITE-TURNAROUND,DET-SITE-530 to 532,DET-PAVE-800; DET-TRFC-950; DET-SITE-535,Fire marshal approval,FIRE APPARATUS TURNAROUND PER DET-SITE-530
E-SITE-LOADING,DET-SITE-535 to 537,DET-PAVE-830; DET-SITE-600; DET-TRFC-955,"48"" dock height typ",LOADING DOCK PER DET-SITE-535
P-SITE-LOADING,DET-SITE-535 to 537,DET-PAVE-830; DET-SITE-600; DET-TRFC-955,"48"" dock height typ",LOADING DOCK PER DET-SITE-535
E-SITE-WALL-SEAT,DET-SITE-540 to 542,DET-GRAD-370 to 374; DET-LNDS-480; DET-SITE-545,"≤ 30"" no guardrail",SEAT WALL PER DET-SITE-540
P-SITE-WALL-SEAT,DET-SITE-540 to 542,DET-GRAD-370 to 374; DET-LNDS-480; DET-SITE-545,"≤ 30"" no guardrail",SEAT WALL PER DET-SITE-540
E-SITE-FENCE,DET-SITE-545 to 549,DET-SITE-525 to 528; DET-SITE-700; DET-GRAD-370,Verify property line,6' HIGH WOOD FENCE PER DET-SITE-546
P-SITE-FENCE,DET-SITE-545 to 549,DET-SITE-525 to 528; DET-SITE-700; DET-GRAD-370,Verify property line,6' HIGH WOOD FENCE PER DET-SITE-546
E-SITE-BOLLARD,DET-SITE-550 to 553,DET-SITE-600; DET-SITE-700,4'-5' o.c. spacing,DECORATIVE BOLLARDS PER DET-SITE-550
P-SITE-BOLLARD,DET-SITE-550 to 553,DET-SITE-600; DET-SITE-700,4'-5' o.c. spacing,DECORATIVE BOLLARDS PER DET-SITE-550
E-SITE-BENCH,DET-SITE-555 to 557,DET-ADA-850; DET-SITE-500; DET-LNDS-485,"17""-19"" seat height",SITE BENCH WITH BACK PER DET-SITE-555
P-SITE-BENCH,DET-SITE-555 to 557,DET-ADA-850; DET-SITE-500; DET-LNDS-485,"17""-19"" seat height",SITE BENCH WITH BACK PER DET-SITE-555
E-SITE-BIKE,DET-SITE-560 to 562,DET-SITE-500; DET-ADA-850; DET-PAVE-815,"30"" min spacing",INVERTED-U BIKE RACKS PER DET-SITE-560
P-SITE-BIKE,DET-SITE-560 to 562,DET-SITE-500; DET-ADA-850; DET-PAVE-815,"30"" min spacing",INVERTED-U BIKE RACKS PER DET-SITE-560
E-SITE-TRASH,DET-SITE-565 to 568,DET-SITE-545 to 548; DET-SITE-520 to 523; DET-PAVE-830,Per waste hauler,TRASH ENCLOSURE PER DET-SITE-565
P-SITE-TRASH,DET-SITE-565 to 568,DET-SITE-545 to 548; DET-SITE-520 to 523; DET-PAVE-830,Per waste hauler,TRASH ENCLOSURE PER DET-SITE-565
E-SITE-MAILBOX,DET-SITE-570 to 572,DET-SITE-500; DET-ADA-892; DET-SITE-600,USPS approval req'd,CLUSTER MAILBOX UNIT PER DET-SITE-571
P-SITE-MAILBOX,DET-SITE-570 to 572,DET-SITE-500; DET-ADA-892; DET-SITE-600,USPS approval req'd,CLUSTER MAILBOX UNIT PER DET-SITE-571
E-SITE-GUARDRAIL,DET-SITE-700 to 703,DET-GRAD-370; DET-SITE-515; DET-SITE-545,"42"" min height (CBC)",GUARDRAIL PER DET-SITE-700 AND CBC 1013
P-SITE-GUARDRAIL,DET-SITE-700 to 703,DET-GRAD-370; DET-SITE-515; DET-SITE-545,"42"" min height (CBC)",GUARDRAIL PER DET-SITE-700 AND CBC 1013
E-SITE-BARRIER,DET-SITE-705 to 707,DET-SITE-550 to 553; DET-TRFC-980; DET-SITE-530,Vehicle protection,VEHICLE BARRIER SYSTEM PER DET-SITE-705
P-SITE-BARRIER,DET-SITE-705 to 707,DET-SITE-550 to 553; DET-TRFC-980; DET-SITE-530,Vehicle protection,VEHICLE BARRIER SYSTEM PER DET-SITE-705
E-SITE-SIGNAGE,DET-SITE-710 to 713,DET-ADA-880 to 883; DET-TRFC-920 to 999; DET-SITE-545,Zoning compliance,MONUMENT SIGN PER DET-SITE-710
P-SITE-SIGNAGE,DET-SITE-710 to 713,DET-ADA-880 to 883; DET-TRFC-920 to 999; DET-SITE-545,Zoning compliance,MONUMENT SIGN PER DET-SITE-710
E-SITE-LIGHT,DET-SITE-715 to 719,DET-ELEC; DET-ADA-885; DET-SITE-500,LED full cutoff,SITE LIGHTING PER DET-SITE-715
P-SITE-LIGHT,DET-SITE-715 to 719,DET-ELEC; DET-ADA-885; DET-SITE-500,LED full cutoff,SITE LIGHTING PER DET-SITE-715
E-SITE-PLANTER,DET-SITE-720 to 722,DET-GRAD-370; DET-LNDS-460; DET-IRRG-740,Drainage required,RAISED PLANTER PER DET-SITE-720
P-SITE-PLANTER,DET-SITE-720 to 722,DET-GRAD-370; DET-LNDS-460; DET-IRRG-740,Drainage required,RAISED PLANTER PER DET-SITE-720
E-SITE-FOUNTAIN,DET-SITE-725 to 727,DET-ELEC; DET-WATR-260; DET-STRM-150,Recirculating system,DECORATIVE FOUNTAIN PER DET-SITE-725
P-SITE-FOUNTAIN,DET-SITE-725 to 727,DET-ELEC; DET-WATR-260; DET-STRM-150,Recirculating system,DECORATIVE FOUNTAIN PER DET-SITE-725
E-SITE-PERGOLA,DET-SITE-730 to 732,DET-GRAD-370; DET-LNDS-485; DET-SITE-545,SE design required,SHADE PERGOLA PER DET-SITE-730
P-SITE-PERGOLA,DET-SITE-730 to 732,DET-GRAD-370; DET-LNDS-485; DET-SITE-545,SE design required,SHADE PERGOLA PER DET-SITE-730
E-SITE-PLAY,DET-SITE-735 to 737,DET-ADA-850; DET-SITE-700; DET-GRAD-360,ASTM F1487,PLAYGROUND PER DET-SITE-735 AND ASTM F1487
P-SITE-PLAY,DET-SITE-735 to 737,DET-ADA-850; DET-SITE-700; DET-GRAD-360,ASTM F1487,PLAYGROUND PER DET-SITE-735 AND ASTM F1487
E-SITE-PAVILION,DET-SITE-740 to 742,DET-SITE-730 to 732; DET-SITE-555; DET-ELEC,SE design permit,PICNIC PAVILION PER DET-SITE-740
P-SITE-PAVILION,DET-SITE-740 to 742,DET-SITE-730 to 732; DET-SITE-555; DET-ELEC,SE design permit,PICNIC PAVILION PER DET-SITE-740
E-SITE-CONSTRFENCE,DET-SITE-750 to 752,DET-GRAD-425; DET-GRAD-395; DET-LNDS-490,Before grading,CONSTRUCTION FENCE PER DET-SITE-750
P-SITE-CONSTRFENCE,DET-SITE-750 to 752,DET-GRAD-425; DET-GRAD-395; DET-LNDS-490,Before grading,CONSTRUCTION FENCE PER DET-SITE-750
E-SITE-STAGING,DET-SITE-755 to 757,DET-GRAD-425; DET-SITE-750,Restore after const,CONSTRUCTION STAGING AREA PER DET-SITE-755
P-SITE-STAGING,DET-SITE-755 to 757,DET-GRAD-425; DET-SITE-750,Restore after const,CONSTRUCTION STAGING AREA PER DET-SITE-755
E-SITE-UTILITIES-TEMP,DET-SITE-760 to 762,DET-ELEC; DET-WATR-298; DET-SAN_-398,Remove at completion,TEMPORARY UTILITIES PER DET-SITE-760-762
P-SITE-UTILITIES-TEMP,DET-SITE-760 to 762,DET-ELEC; DET-WATR-298; DET-SAN_-398,Remove at completion,TEMPORARY UTILITIES PER DET-SITE-760-762
E-SITE-UTILITY,DET-SITE-765 to 768,DET-STRM-100 to 104; DET-WATR-200 to 205; DET-SAN_-300 to 305; DET-GRAD-400,Call 811 before dig,UTILITY COORDINATION PER DET-SITE-765
P-SITE-UTILITY,DET-SITE-765 to 768,DET-STRM-100 to 104; DET-WATR-200 to 205; DET-SAN_-300 to 305; DET-GRAD-400,Call 811 before dig,UTILITY COORDINATION PER DET-SITE-765
E-SITE-ELECTRIC,DET-SITE-770 to 772,DET-ELEC; DET-SITE-765; DET-GRAD-400,Utility co design,ELECTRIC SERVICE PER DET-SITE-770
P-SITE-ELECTRIC,DET-SITE-770 to 772,DET-ELEC; DET-SITE-765; DET-GRAD-400,Utility co design,ELECTRIC SERVICE PER DET-SITE-770
E-SITE-GAS,DET-SITE-773 to 775,DET-SITE-765; DET-GRAD-400; DET-WATR-290,"18"" min depth",NATURAL GAS SERVICE PER DET-SITE-773
P-SITE-GAS,DET-SITE-773 to 775,DET-SITE-765; DET-GRAD-400; DET-WATR-290,"18"" min depth",NATURAL GAS SERVICE PER DET-SITE-773
E-SITE-TELECOM,DET-SITE-776 to 778,DET-SITE-765; DET-GRAD-400; DET-ELEC,Provider specs,TELECOM SERVICE PER DET-SITE-776
P-SITE-TELECOM,DET-SITE-776 to 778,DET-SITE-765; DET-GRAD-400; DET-ELEC,Provider specs,TELECOM SERVICE PER DET-SITE-776
E-SITE-CABLE,DET-SITE-779 to 780,DET-SITE-776 to 778; DET-SITE-765,Provider specs,CABLE TV SERVICE PER DET-SITE-779
P-SITE-CABLE,DET-SITE-779 to 780,DET-SITE-776 to 778; DET-SITE-765,Provider specs,CABLE TV SERVICE PER DET-SITE-779
E-SITE-MONUMENT,DET-SITE-785 to 787,DET-GRAD-357 to 359; DET-SITE-750; DET-SITE-765,Preserve existing,PRESERVE EXIST MONUMENTS PER DET-SITE-785
P-SITE-MONUMENT,DET-SITE-785 to 787,DET-GRAD-357 to 359; DET-SITE-750; DET-SITE-765,Preserve existing,PRESERVE EXIST MONUMENTS PER DET-SITE-785
E-SITE-FLAGPOLE,DET-SITE-788 to 789,DET-SITE-710; DET-GRAD-370; DET-ELEC,Verify zoning,25' FLAGPOLE PER DET-SITE-788
P-SITE-FLAGPOLE,DET-SITE-788 to 789,DET-SITE-710; DET-GRAD-370; DET-ELEC,Verify zoning,25' FLAGPOLE PER DET-SITE-788
E-SITE-DOCK,DET-SITE-790 to 791,DET-ADA-853; DET-SITE-510 to 512; DET-ADA-875,ASME compliance,WHEELCHAIR LIFT PER DET-SITE-791 AND ASME A18.1
P-SITE-DOCK,DET-SITE-790 to 791,DET-ADA-853; DET-SITE-510 to 512; DET-ADA-875,ASME compliance,WHEELCHAIR LIFT PER DET-SITE-791 AND ASME A18.1
E-SITE-CANOPY,DET-SITE-792 to 794,DET-SITE-730 to 732; DET-STRM-150; DET-GRAD-370,SE design permit,ENTRY CANOPY PER DET-SITE-792
P-SITE-CANOPY,DET-SITE-792 to 794,DET-SITE-730 to 732; DET-STRM-150; DET-GRAD-370,SE design permit,ENTRY CANOPY PER DET-SITE-792
E-SITE-KIOSK,DET-SITE-795 to 796,DET-ADA-892; DET-SITE-500; DET-ELEC,ADA reach ranges,INFORMATION KIOSK PER DET-SITE-795
P-SITE-KIOSK,DET-SITE-795 to 796,DET-ADA-892; DET-SITE-500; DET-ELEC,ADA reach ranges,INFORMATION KIOSK PER DET-SITE-795
E-SITE-MISC,DET-SITE-797 to 799,Various,Custom details,CUSTOM SITE ELEMENT PER DET-SITE-798
P-SITE-MISC,DET-SITE-797 to 799,Various,Custom details,CUSTOM SITE ELEMENT PER DET-SITE-798
E-LNDS-TREE,DET-LNDS-450 to 454,DET-SITE-722; DET-IRRG-740; DET-GRAD-384,2× root ball pit,TREE PLANTING PER DET-LNDS-450
P-LNDS-TREE,DET-LNDS-450 to 454,DET-SITE-722; DET-IRRG-740; DET-GRAD-384,2× root ball pit,TREE PLANTING PER DET-LNDS-450
E-LNDS-SHRUB,DET-LNDS-455 to 457,DET-IRRG-735; DET-GRAD-384; DET-LNDS-470,1.5× root ball pit,SHRUB PLANTING PER DET-LNDS-455
P-LNDS-SHRUB,DET-LNDS-455 to 457,DET-IRRG-735; DET-GRAD-384; DET-LNDS-470,1.5× root ball pit,SHRUB PLANTING PER DET-LNDS-455
E-LNDS-HYDROSEED,DET-LNDS-458 to 459,DET-GRAD-398 to 399; DET-IRRG-730; DET-GRAD-384,60-120 lbs/acre,HYDROSEEDING PER DET-LNDS-458
P-LNDS-HYDROSEED,DET-LNDS-458 to 459,DET-GRAD-398 to 399; DET-IRRG-730; DET-GRAD-384,60-120 lbs/acre,HYDROSEEDING PER DET-LNDS-458
E-LNDS-SOD,DET-LNDS-460 to 461,DET-IRRG-725; DET-GRAD-384; DET-SITE-500,"4""-6"" topsoil",SOD INSTALLATION PER DET-LNDS-460
P-LNDS-SOD,DET-LNDS-460 to 461,DET-IRRG-725; DET-GRAD-384; DET-SITE-500,"4""-6"" topsoil",SOD INSTALLATION PER DET-LNDS-460
E-LNDS-VINE,DET-LNDS-462 to 463,DET-SITE-730; DET-IRRG-740; DET-LNDS-455,Support structure,VINE PLANTING PER DET-LNDS-462
P-LNDS-VINE,DET-LNDS-462 to 463,DET-SITE-730; DET-IRRG-740; DET-LNDS-455,Support structure,VINE PLANTING PER DET-LNDS-462
E-LNDS-MULCH,DET-LNDS-465 to 467,DET-LNDS-455 to 457; DET-GRAD-390; DET-LNDS-470,"3""-4"" depth","3"" SHREDDED BARK MULCH PER DET-LNDS-465"
P-LNDS-MULCH,DET-LNDS-465 to 467,DET-LNDS-455 to 457; DET-GRAD-390; DET-LNDS-470,"3""-4"" depth","3"" SHREDDED BARK MULCH PER DET-LNDS-465"
E-LNDS-EDGING,DET-LNDS-468 to 470,DET-SITE-500; DET-PAVE-825; DET-LNDS-465,Separate beds/turf,CONCRETE MOW STRIP PER DET-LNDS-468
P-LNDS-EDGING,DET-LNDS-468 to 470,DET-SITE-500; DET-PAVE-825; DET-LNDS-465,Separate beds/turf,CONCRETE MOW STRIP PER DET-LNDS-468
E-LNDS-PAVER,DET-LNDS-471 to 473,DET-SITE-507; DET-PAVE-835; DET-GRAD-380,"4"" ABC base",CONCRETE PAVERS PER DET-LNDS-471
P-LNDS-PAVER,DET-LNDS-471 to 473,DET-SITE-507; DET-PAVE-835; DET-GRAD-380,"4"" ABC base",CONCRETE PAVERS PER DET-LNDS-471
E-LNDS-STEPS,DET-LNDS-474 to 475,DET-SITE-515 to 518; DET-GRAD-365; DET-LNDS-471,Not accessible route,LANDSCAPE STEPS PER DET-LNDS-474
P-LNDS-STEPS,DET-LNDS-474 to 475,DET-SITE-515 to 518; DET-GRAD-365; DET-LNDS-471,Not accessible route,LANDSCAPE STEPS PER DET-LNDS-474
E-LNDS-ROCK,DET-LNDS-476 to 478,DET-STRM-177; DET-SITE-506; DET-LNDS-467,Bury 1/3-1/2,DECORATIVE BOULDERS PER DET-LNDS-476
P-LNDS-ROCK,DET-LNDS-476 to 478,DET-STRM-177; DET-SITE-506; DET-LNDS-467,Bury 1/3-1/2,DECORATIVE BOULDERS PER DET-LNDS-476
E-LNDS-WALL,DET-LNDS-479 to 481,DET-GRAD-370 to 374; DET-SITE-540 to 542; DET-LNDS-720,≤ 4' no SE,SEGMENTAL RETAINING WALL PER DET-LNDS-480
P-LNDS-WALL,DET-LNDS-479 to 481,DET-GRAD-370 to 374; DET-SITE-540 to 542; DET-LNDS-720,≤ 4' no SE,SEGMENTAL RETAINING WALL PER DET-LNDS-480
E-LNDS-SOIL,DET-LNDS-482 to 484,DET-GRAD-384 to 386; DET-LNDS-456; DET-LNDS-460 to 461,"4""-6"" min depth","TOPSOIL 6"" DEPTH PER DET-LNDS-482"
P-LNDS-SOIL,DET-LNDS-482 to 484,DET-GRAD-384 to 386; DET-LNDS-456; DET-LNDS-460 to 461,"4""-6"" min depth","TOPSOIL 6"" DEPTH PER DET-LNDS-482"
E-LNDS-EROSION,DET-LNDS-485 to 486,DET-GRAD-390 to 399; DET-STRM-165 to 168; DET-LNDS-458,Permanent planting,EROSION CONTROL PLANTING PER DET-LNDS-485
P-LNDS-EROSION,DET-LNDS-485 to 486,DET-GRAD-390 to 399; DET-STRM-165 to 168; DET-LNDS-458,Permanent planting,EROSION CONTROL PLANTING PER DET-LNDS-485
E-LNDS-DRAIN,DET-LNDS-487 to 489,DET-STRM-150 to 153; DET-SITE-720 to 721; DET-GRAD-360,0.5% min slope,FRENCH DRAIN PER DET-LNDS-488
P-LNDS-DRAIN,DET-LNDS-487 to 489,DET-STRM-150 to 153; DET-SITE-720 to 721; DET-GRAD-360,0.5% min slope,FRENCH DRAIN PER DET-LNDS-488
E-LNDS-BIORETENTION,DET-LNDS-490 to 491,DET-STRM-190 to 193; DET-IRRG-735; DET-LNDS-482,Water-tolerant species,BIORETENTION PLANTING PER DET-LNDS-490
P-LNDS-BIORETENTION,DET-LNDS-490 to 491,DET-STRM-190 to 193; DET-IRRG-735; DET-LNDS-482,Water-tolerant species,BIORETENTION PLANTING PER DET-LNDS-490
E-LNDS-NATIVE,DET-LNDS-492 to 494,DET-LNDS-458; DET-LNDS-485; DET-IRRG-730,Indigenous species,NATIVE PLANT RESTORATION PER DET-LNDS-492
P-LNDS-NATIVE,DET-LNDS-492 to 494,DET-LNDS-458; DET-LNDS-485; DET-IRRG-730,Indigenous species,NATIVE PLANT RESTORATION PER DET-LNDS-492
E-LNDS-WETLAND,DET-LNDS-495 to 496,DET-STRM-175 to 178; DET-LNDS-490 to 491; DET-LNDS-492,Regulatory approval,WETLAND PLANTING PER DET-LNDS-495
P-LNDS-WETLAND,DET-LNDS-495 to 496,DET-STRM-175 to 178; DET-LNDS-490 to 491; DET-LNDS-492,Regulatory approval,WETLAND PLANTING PER DET-LNDS-495
E-LNDS-TREE-PROT,DET-LNDS-497 to 499,DET-SITE-752; DET-GRAD-384; DET-LNDS-450,Fence @ dripline min,TREE PROTECTION PER DET-LNDS-497
P-LNDS-TREE-PROT,DET-LNDS-497 to 499,DET-SITE-752; DET-GRAD-384; DET-LNDS-450,Fence @ dripline min,TREE PROTECTION PER DET-LNDS-497
E-IRRG-MAIN,DET-IRRG-700 to 703,DET-WATR-255 to 259; DET-WATR-265 to 268; DET-GRAD-400,"PVC SCH 40 18"" depth",IRRIGATION MAINLINE PER DET-IRRG-700
P-IRRG-MAIN,DET-IRRG-700 to 703,DET-WATR-255 to 259; DET-WATR-265 to 268; DET-GRAD-400,"PVC SCH 40 18"" depth",IRRIGATION MAINLINE PER DET-IRRG-700
E-IRRG-LATERAL,DET-IRRG-704 to 706,DET-IRRG-700 to 703; DET-IRRG-710 to 725; DET-GRAD-400,"PVC SCH 40 12"" depth",IRRIGATION LATERALS PER DET-IRRG-704
P-IRRG-LATERAL,DET-IRRG-704 to 706,DET-IRRG-700 to 703; DET-IRRG-710 to 725; DET-GRAD-400,"PVC SCH 40 12"" depth",IRRIGATION LATERALS PER DET-IRRG-704
E-IRRG-HEAD-SPRAY,DET-IRRG-710 to 712,DET-LNDS-460; DET-IRRG-704 to 706; DET-IRRG-740,"4"" pop-up 15' spacing",SPRAY HEADS PER DET-IRRG-710
P-IRRG-HEAD-SPRAY,DET-IRRG-710 to 712,DET-LNDS-460; DET-IRRG-704 to 706; DET-IRRG-740,"4"" pop-up 15' spacing",SPRAY HEADS PER DET-IRRG-710
E-IRRG-HEAD-ROTOR,DET-IRRG-713 to 715,DET-LNDS-460; DET-IRRG-704 to 706; DET-IRRG-740,"6"" pop-up 40' spacing",ROTOR HEADS PER DET-IRRG-713
P-IRRG-HEAD-ROTOR,DET-IRRG-713 to 715,DET-LNDS-460; DET-IRRG-704 to 706; DET-IRRG-740,"6"" pop-up 40' spacing",ROTOR HEADS PER DET-IRRG-713
E-IRRG-HEAD-BUBBLER,DET-IRRG-716 to 717,DET-LNDS-450 to 454; DET-IRRG-740; DET-SITE-722,1.0 GPM tree basins,BUBBLER EMITTERS PER DET-IRRG-716
P-IRRG-HEAD-BUBBLER,DET-IRRG-716 to 717,DET-LNDS-450 to 454; DET-IRRG-740; DET-SITE-722,1.0 GPM tree basins,BUBBLER EMITTERS PER DET-IRRG-716
E-IRRG-DRIP,DET-IRRG-720 to 723,DET-LNDS-455 to 457; DET-IRRG-735; DET-WATR-265 to 268,Pressure reg & filter,DRIP IRRIGATION PER DET-IRRG-720
P-IRRG-DRIP,DET-IRRG-720 to 723,DET-LNDS-455 to 457; DET-IRRG-735; DET-WATR-265 to 268,Pressure reg & filter,DRIP IRRIGATION PER DET-IRRG-720
E-IRRG-VALVE,DET-IRRG-725 to 728,DET-IRRG-700 to 706; DET-IRRG-740 to 742; DET-WATR-240,24VAC solenoid,ELECTRIC CONTROL VALVES PER DET-IRRG-725
P-IRRG-VALVE,DET-IRRG-725 to 728,DET-IRRG-700 to 706; DET-IRRG-740 to 742; DET-WATR-240,24VAC solenoid,ELECTRIC CONTROL VALVES PER DET-IRRG-725
E-IRRG-BACKFLOW,DET-IRRG-729 to 730,DET-WATR-265 to 269; DET-IRRG-700; DET-IRRG-723,RP required (typical),BACKFLOW PREVENTER PER DET-IRRG-729
P-IRRG-BACKFLOW,DET-IRRG-729 to 730,DET-WATR-265 to 269; DET-IRRG-700; DET-IRRG-723,RP required (typical),BACKFLOW PREVENTER PER DET-IRRG-729
E-IRRG-CONTROLLER,DET-IRRG-740 to 742,DET-IRRG-725 to 728; DET-ELEC; DET-SITE-710,Smart/ET-based,SMART IRRIGATION CONTROLLER PER DET-IRRG-740
P-IRRG-CONTROLLER,DET-IRRG-740 to 742,DET-IRRG-725 to 728; DET-ELEC; DET-SITE-710,Smart/ET-based,SMART IRRIGATION CONTROLLER PER DET-IRRG-740
E-IRRG-WIRE,DET-IRRG-743 to 745,DET-IRRG-725; DET-IRRG-740; DET-GRAD-400,14 AWG UF-rated,CONTROL WIRE PER DET-IRRG-743
P-IRRG-WIRE,DET-IRRG-743 to 745,DET-IRRG-725; DET-IRRG-740; DET-GRAD-400,14 AWG UF-rated,CONTROL WIRE PER DET-IRRG-743
E-IRRG-SENSOR,DET-IRRG-746 to 748,DET-IRRG-740 to 742; DET-IRRG-700; DET-SITE-710,Rain sensor required (CA),RAIN SENSOR PER DET-IRRG-746 (CA AB 1881 REQUIRED)
P-IRRG-SENSOR,DET-IRRG-746 to 748,DET-IRRG-740 to 742; DET-IRRG-700; DET-SITE-710,Rain sensor required (CA),RAIN SENSOR PER DET-IRRG-746 (CA AB 1881 REQUIRED)
E-IRRG-QUICK-COUPLER,DET-IRRG-749 to 750,DET-IRRG-700 to 703; DET-WATR-255; DET-SITE-600,150' o.c. spacing,QUICK COUPLERS PER DET-IRRG-749
P-IRRG-QUICK-COUPLER,DET-IRRG-749 to 750,DET-IRRG-700 to 703; DET-WATR-255; DET-SITE-600,150' o.c. spacing,QUICK COUPLERS PER DET-IRRG-749
E-PAVE-ASPHALT,DET-PAVE-800 to 804,DET-PAVE-810; DET-GRAD-380; DET-STRM-160,Caltrans Sec. 39,ASPHALT PAVEMENT PER DET-PAVE-800
P-PAVE-ASPHALT,DET-PAVE-800 to 804,DET-PAVE-810; DET-GRAD-380; DET-STRM-160,Caltrans Sec. 39,ASPHALT PAVEMENT PER DET-PAVE-800
E-PAVE-PCC,DET-PAVE-805 to 809,DET-PAVE-810; DET-SITE-500 to 504; DET-GRAD-380,Caltrans Sec. 40,PCC PAVEMENT PER DET-PAVE-805
P-PAVE-PCC,DET-PAVE-805 to 809,DET-PAVE-810; DET-SITE-500 to 504; DET-GRAD-380,Caltrans Sec. 40,PCC PAVEMENT PER DET-PAVE-805
E-PAVE-BASE,DET-PAVE-810 to 813,DET-GRAD-380 to 383; DET-PAVE-800 to 809; DET-STRM-190,95% compaction,CLS 2 AGGREGATE BASE PER DET-PAVE-810
P-PAVE-BASE,DET-PAVE-810 to 813,DET-GRAD-380 to 383; DET-PAVE-800 to 809; DET-STRM-190,95% compaction,CLS 2 AGGREGATE BASE PER DET-PAVE-810
E-PAVE-SUBGRADE,DET-PAVE-814 to 816,DET-GRAD-380 to 383; DET-GRAD-433 to 435; DET-PAVE-810,95% compaction R ≥ 5,SUBGRADE PREP PER DET-PAVE-814
P-PAVE-SUBGRADE,DET-PAVE-814 to 816,DET-GRAD-380 to 383; DET-GRAD-433 to 435; DET-PAVE-810,95% compaction R ≥ 5,SUBGRADE PREP PER DET-PAVE-814
E-PAVE-GEOTEXTILE,DET-PAVE-817 to 818,DET-GRAD-445 to 447; DET-PAVE-814 to 816; DET-PAVE-810,"18"" overlap",GEOTEXTILE FABRIC PER DET-PAVE-817
P-PAVE-GEOTEXTILE,DET-PAVE-817 to 818,DET-GRAD-445 to 447; DET-PAVE-814 to 816; DET-PAVE-810,"18"" overlap",GEOTEXTILE FABRIC PER DET-PAVE-817
E-PAVE-OVERLAY,DET-PAVE-819 to 821,DET-PAVE-800 to 809; DET-PAVE-830,Repair before overlay,AC OVERLAY PER DET-PAVE-819
P-PAVE-OVERLAY,DET-PAVE-819 to 821,DET-PAVE-800 to 809; DET-PAVE-830,Repair before overlay,AC OVERLAY PER DET-PAVE-819
E-PAVE-PARKING,DET-PAVE-822 to 824,DET-PAVE-800 to 810; DET-ADA-860 to 863; DET-TRFC-965,9' × 18' stalls,PARKING LOT PER DET-PAVE-822
P-PAVE-PARKING,DET-PAVE-822 to 824,DET-PAVE-800 to 810; DET-ADA-860 to 863; DET-TRFC-965,9' × 18' stalls,PARKING LOT PER DET-PAVE-822
E-PAVE-STRIPING,DET-PAVE-825 to 827,DET-TRFC-965 to 975; DET-ADA-860 to 863; DET-PAVE-822 to 824,MUTCD standards,STRIPING PER DET-PAVE-825 AND MUTCD
P-PAVE-STRIPING,DET-PAVE-825 to 827,DET-TRFC-965 to 975; DET-ADA-860 to 863; DET-PAVE-822 to 824,MUTCD standards,STRIPING PER DET-PAVE-825 AND MUTCD
E-PAVE-BUMPER,DET-PAVE-828 to 829,DET-PAVE-822 to 824; DET-ADA-860; DET-LNDS-468,Not in ADA stalls,PRECAST CONC WHEEL STOPS PER DET-PAVE-828
P-PAVE-BUMPER,DET-PAVE-828 to 829,DET-PAVE-822 to 824; DET-ADA-860; DET-LNDS-468,Not in ADA stalls,PRECAST CONC WHEEL STOPS PER DET-PAVE-828
E-PAVE-DRIVE-APRON,DET-PAVE-830 to 831,DET-SITE-520 to 523; DET-STRM-160; DET-ADA-855,Encroachment permit,DRIVEWAY APRON PER DET-PAVE-830
P-PAVE-DRIVE-APRON,DET-PAVE-830 to 831,DET-SITE-520 to 523; DET-STRM-160; DET-ADA-855,Encroachment permit,DRIVEWAY APRON PER DET-PAVE-830
E-PAVE-PERVIOUS,DET-PAVE-832 to 834,DET-STRM-190 to 193; DET-PAVE-813; DET-LNDS-473,Vacuum sweep 4×/yr,PERVIOUS CONCRETE PAVEMENT PER DET-PAVE-832
P-PAVE-PERVIOUS,DET-PAVE-832 to 834,DET-STRM-190 to 193; DET-PAVE-813; DET-LNDS-473,Vacuum sweep 4×/yr,PERVIOUS CONCRETE PAVEMENT PER DET-PAVE-832
E-PAVE-ALLEY,DET-PAVE-835 to 836,DET-PAVE-800 to 810; DET-SITE-520 to 523; DET-STRM-165,Light duty section,ALLEY PAVEMENT PER DET-PAVE-835
P-PAVE-ALLEY,DET-PAVE-835 to 836,DET-PAVE-800 to 810; DET-SITE-520 to 523; DET-STRM-165,Light duty section,ALLEY PAVEMENT PER DET-PAVE-835
E-PAVE-COLORED,DET-PAVE-837 to 839,DET-PAVE-805 to 809; DET-SITE-507; DET-LNDS-471,Integral color best,COLORED CONCRETE PER DET-PAVE-837
P-PAVE-COLORED,DET-PAVE-837 to 839,DET-PAVE-805 to 809; DET-SITE-507; DET-LNDS-471,Integral color best,COLORED CONCRETE PER DET-PAVE-837
E-PAVE-REMOVAL,DET-PAVE-840 to 842,DET-GRAD-375; DET-PAVE-843; DET-SITE-775,Sawcut limits,PAVEMENT REMOVAL PER DET-PAVE-840
P-PAVE-REMOVAL,DET-PAVE-840 to 842,DET-GRAD-375; DET-PAVE-843; DET-SITE-775,Sawcut limits,PAVEMENT REMOVAL PER DET-PAVE-840
E-PAVE-REPLACE,DET-PAVE-843 to 845,DET-PAVE-840 to 842; DET-GRAD-404 to 406; DET-PAVE-800 to 810,Match or upgrade,PAVEMENT REPLACEMENT PER DET-PAVE-843
P-PAVE-REPLACE,DET-PAVE-843 to 845,DET-PAVE-840 to 842; DET-GRAD-404 to 406; DET-PAVE-800 to 810,Match or upgrade,PAVEMENT REPLACEMENT PER DET-PAVE-843
E-PAVE-SEAL,DET-PAVE-846 to 848,DET-PAVE-800 to 809; DET-PAVE-819,Extends pavement life,SLURRY SEAL PER DET-PAVE-846
P-PAVE-SEAL,DET-PAVE-846 to 848,DET-PAVE-800 to 809; DET-PAVE-819,Extends pavement life,SLURRY SEAL PER DET-PAVE-846
E-PAVE-TEMP,DET-PAVE-849 to 850,DET-GRAD-425 to 427; DET-PAVE-843 to 845; DET-SITE-755,Replace within 30 days,TEMPORARY PAVEMENT PER DET-PAVE-849
P-PAVE-TEMP,DET-PAVE-849 to 850,DET-GRAD-425 to 427; DET-PAVE-843 to 845; DET-SITE-755,Replace within 30 days,TEMPORARY PAVEMENT PER DET-PAVE-849
E-TRFC-SIGN-REG,DET-TRFC-900 to 905,DET-TRFC-940 to 945; DET-SITE-713; DET-TRFC-980,CA MUTCD,STOP SIGN (R1-1) PER DET-TRFC-901 AND CA MUTCD
P-TRFC-SIGN-REG,DET-TRFC-900 to 905,DET-TRFC-940 to 945; DET-SITE-713; DET-TRFC-980,CA MUTCD,STOP SIGN (R1-1) PER DET-TRFC-901 AND CA MUTCD
E-TRFC-SIGN-WARN,DET-TRFC-906 to 910,DET-TRFC-900 to 905; DET-ADA-855 to 858; DET-TRFC-940 to 945,CA MUTCD,CURVE WARNING SIGN (W1-1) PER DET-TRFC-907
P-TRFC-SIGN-WARN,DET-TRFC-906 to 910,DET-TRFC-900 to 905; DET-ADA-855 to 858; DET-TRFC-940 to 945,CA MUTCD,CURVE WARNING SIGN (W1-1) PER DET-TRFC-907
E-TRFC-SIGN-GUIDE,DET-TRFC-911 to 914,DET-TRFC-940 to 945; DET-SITE-710; DET-TRFC-900 to 910,CA MUTCD,STREET NAME SIGNS PER DET-TRFC-912
P-TRFC-SIGN-GUIDE,DET-TRFC-911 to 914,DET-TRFC-940 to 945; DET-SITE-710; DET-TRFC-900 to 910,CA MUTCD,STREET NAME SIGNS PER DET-TRFC-912
E-TRFC-SIGN-TEMP,DET-TRFC-915 to 917,DET-TRFC-975 to 979; DET-SITE-750; DET-TRFC-985,MUTCD Part 6,TEMP CONSTRUCTION SIGNS PER DET-TRFC-915
P-TRFC-SIGN-TEMP,DET-TRFC-915 to 917,DET-TRFC-975 to 979; DET-SITE-750; DET-TRFC-985,MUTCD Part 6,TEMP CONSTRUCTION SIGNS PER DET-TRFC-915
E-TRFC-SIGN-POST,DET-TRFC-940 to 945,DET-SITE-713; DET-TRFC-900 to 914; DET-GRAD-370,7' min height,SIGN POST PER DET-TRFC-941 (U-CHANNEL)
P-TRFC-SIGN-POST,DET-TRFC-940 to 945,DET-SITE-713; DET-TRFC-900 to 914; DET-GRAD-370,7' min height,SIGN POST PER DET-TRFC-941 (U-CHANNEL)
E-TRFC-STRIPE-LANE,DET-TRFC-965 to 968,DET-PAVE-825 to 827; DET-TRFC-980; DET-STRM-160,CA MUTCD 3A-3B,LANE STRIPING PER DET-TRFC-965 AND CA MUTCD
P-TRFC-STRIPE-LANE,DET-TRFC-965 to 968,DET-PAVE-825 to 827; DET-TRFC-980; DET-STRM-160,CA MUTCD 3A-3B,LANE STRIPING PER DET-TRFC-965 AND CA MUTCD
E-TRFC-STRIPE-ARROW,DET-TRFC-969 to 970,DET-TRFC-965 to 968; DET-TRFC-971 to 974; DET-PAVE-825,50'-200' advance,PAVEMENT ARROWS PER DET-TRFC-969 AND CA MUTCD
P-TRFC-STRIPE-ARROW,DET-TRFC-969 to 970,DET-TRFC-965 to 968; DET-TRFC-971 to 974; DET-PAVE-825,50'-200' advance,PAVEMENT ARROWS PER DET-TRFC-969 AND CA MUTCD
E-TRFC-STRIPE-XWALK,DET-TRFC-971 to 973,DET-ADA-855 to 858; DET-TRFC-909; DET-STRM-145,Continental pattern,CROSSWALK MARKINGS PER DET-TRFC-971 AND CA MUTCD
P-TRFC-STRIPE-XWALK,DET-TRFC-971 to 973,DET-ADA-855 to 858; DET-TRFC-909; DET-STRM-145,Continental pattern,CROSSWALK MARKINGS PER DET-TRFC-971 AND CA MUTCD
E-TRFC-STRIPE-PARK,DET-TRFC-974 to 975,DET-PAVE-822 to 824; DET-ADA-860 to 863; DET-PAVE-825,"4"" white lines",PARKING STRIPING PER DET-TRFC-974 AND CA MUTCD
P-TRFC-STRIPE-PARK,DET-TRFC-974 to 975,DET-PAVE-822 to 824; DET-ADA-860 to 863; DET-PAVE-825,"4"" white lines",PARKING STRIPING PER DET-TRFC-974 AND CA MUTCD
E-TRFC-CURB,DET-TRFC-976 to 977,DET-STRM-160; DET-TRFC-974 to 975; DET-ADA-860 to 863,CA Veh Code 21458,CURB PAINTING PER DET-TRFC-976 AND CA VEHICLE CODE
P-TRFC-CURB,DET-TRFC-976 to 977,DET-STRM-160; DET-TRFC-974 to 975; DET-ADA-860 to 863,CA Veh Code 21458,CURB PAINTING PER DET-TRFC-976 AND CA VEHICLE CODE
E-TRFC-WORKSIGN,DET-TRFC-978 to 979,DET-TRFC-915 to 917; DET-TRFC-980 to 984; DET-SITE-750,MUTCD Part 6 TCP,WORK ZONE TRAFFIC CONTROL PER DET-TRFC-978
P-TRFC-WORKSIGN,DET-TRFC-978 to 979,DET-TRFC-915 to 917; DET-TRFC-980 to 984; DET-SITE-750,MUTCD Part 6 TCP,WORK ZONE TRAFFIC CONTROL PER DET-TRFC-978
E-TRFC-DELINEATOR,DET-TRFC-980 to 982,DET-TRFC-965 to 968; DET-STRM-160; DET-SITE-700,200'-530' spacing,DELINEATORS PER DET-TRFC-980 AND CA MUTCD
P-TRFC-DELINEATOR,DET-TRFC-980 to 982,DET-TRFC-965 to 968; DET-STRM-160; DET-SITE-700,200'-530' spacing,DELINEATORS PER DET-TRFC-980 AND CA MUTCD
E-TRFC-BARRICADE,DET-TRFC-983 to 984,DET-TRFC-978 to 979; DET-SITE-705 to 707; DET-TRFC-915,Type I/II/III,TRAFFIC CONTROL DEVICES PER DET-TRFC-984
P-TRFC-BARRICADE,DET-TRFC-983 to 984,DET-TRFC-978 to 979; DET-SITE-705 to 707; DET-TRFC-915,Type I/II/III,TRAFFIC CONTROL DEVICES PER DET-TRFC-984
E-TRFC-TEMP-STRIPE,DET-TRFC-985 to 986,DET-TRFC-965 to 975; DET-PAVE-849; DET-TRFC-978,Removable tape/paint,TEMPORARY STRIPING PER DET-TRFC-985
P-TRFC-TEMP-STRIPE,DET-TRFC-985 to 986,DET-TRFC-965 to 975; DET-PAVE-849; DET-TRFC-978,Removable tape/paint,TEMPORARY STRIPING PER DET-TRFC-985
E-TRFC-SIGNAL,DET-TRFC-990 to 993,DET-ELEC; DET-TRFC-971 to 973; DET-ADA-892,Warrant analysis req'd,TRAFFIC SIGNAL PER DET-TRFC-990 AND CA MUTCD
P-TRFC-SIGNAL,DET-TRFC-990 to 993,DET-ELEC; DET-TRFC-971 to 973; DET-ADA-892,Warrant analysis req'd,TRAFFIC SIGNAL PER DET-TRFC-990 AND CA MUTCD
E-TRFC-BEACON,DET-TRFC-994 to 996,DET-TRFC-990 to 993; DET-TRFC-909; DET-ADA-855,RRFB/HAWK,RRFB PER DET-TRFC-995
P-TRFC-BEACON,DET-TRFC-994 to 996,DET-TRFC-990 to 993; DET-TRFC-909; DET-ADA-855,RRFB/HAWK,RRFB PER DET-TRFC-995
E-TRFC-LIGHTING,DET-TRFC-997 to 999,DET-SITE-715 to 719; DET-ELEC; DET-TRFC-990,LED required IES,ROADWAY LIGHTING PER DET-TRFC-997 AND IES STANDARDS
P-TRFC-LIGHTING,DET-TRFC-997 to 999,DET-SITE-715 to 719; DET-ELEC; DET-TRFC-990,LED required IES,ROADWAY LIGHTING PER DET-TRFC-997 AND IES STANDARDS
E-UTIL-GAS,DET-UTIL-100 to 102,DET-SITE-773 to 775; DET-GRAD-400; DET-SITE-765,"18"" min depth",NATURAL GAS MAIN PER DET-UTIL-100
P-UTIL-GAS,DET-UTIL-100 to 102,DET-SITE-773 to 775; DET-GRAD-400; DET-SITE-765,"18"" min depth",NATURAL GAS MAIN PER DET-UTIL-100
E-UTIL-ELECTRIC,DET-UTIL-103 to 105,DET-SITE-770 to 772; DET-GRAD-400; DET-ELEC,Utility co primary,UNDERGROUND ELECTRIC PER DET-UTIL-103
P-UTIL-ELECTRIC,DET-UTIL-103 to 105,DET-SITE-770 to 772; DET-GRAD-400; DET-ELEC,Utility co primary,UNDERGROUND ELECTRIC PER DET-UTIL-103
E-UTIL-TELECOM,DET-UTIL-106 to 108,DET-SITE-776 to 778; DET-GRAD-400; DET-SITE-765,Provider specs,TELECOM CONDUIT PER DET-UTIL-106
P-UTIL-TELECOM,DET-UTIL-106 to 108,DET-SITE-776 to 778; DET-GRAD-400; DET-SITE-765,Provider specs,TELECOM CONDUIT PER DET-UTIL-106
E-UTIL-CABLE,DET-UTIL-109 to 110,DET-SITE-779 to 780; DET-UTIL-106 to 108; DET-SITE-765,Provider specs,CABLE TV CONDUIT PER DET-UTIL-109
P-UTIL-CABLE,DET-UTIL-109 to 110,DET-SITE-779 to 780; DET-UTIL-106 to 108; DET-SITE-765,Provider specs,CABLE TV CONDUIT PER DET-UTIL-109
E-UTIL-STREET-LIGHT,DET-UTIL-111 to 113,DET-TRFC-997 to 999; DET-SITE-715 to 719; DET-UTIL-103,Photocell control,STREET LIGHT CONDUIT PER DET-UTIL-111
P-UTIL-STREET-LIGHT,DET-UTIL-111 to 113,DET-TRFC-997 to 999; DET-SITE-715 to 719; DET-UTIL-103,Photocell control,STREET LIGHT CONDUIT PER DET-UTIL-111
E-UTIL-JOINT-TRENCH,DET-UTIL-114 to 116,DET-SITE-765 to 768; DET-GRAD-400 to 406; DET-UTIL-100 to 113,"12"" separation",JOINT TRENCH PER DET-UTIL-114
P-UTIL-JOINT-TRENCH,DET-UTIL-114 to 116,DET-SITE-765 to 768; DET-GRAD-400 to 406; DET-UTIL-100 to 113,"12"" separation",JOINT TRENCH PER DET-UTIL-114
E-UTIL-CONDUIT,DET-UTIL-117 to 119,DET-UTIL-103 to 116; DET-SITE-765; DET-GRAD-400,Color coding,SPARE CONDUIT PER DET-UTIL-117
P-UTIL-CONDUIT,DET-UTIL-117 to 119,DET-UTIL-103 to 116; DET-SITE-765; DET-GRAD-400,Color coding,SPARE CONDUIT PER DET-UTIL-117
E-UTIL-VAULT,DET-UTIL-120 to 122,DET-UTIL-103 to 105; DET-SITE-615 to 625; DET-STRM-150,H-20 cover,UTILITY VAULT PER DET-UTIL-120
P-UTIL-VAULT,DET-UTIL-120 to 122,DET-UTIL-103 to 105; DET-SITE-615 to 625; DET-STRM-150,H-20 cover,UTILITY VAULT PER DET-UTIL-120
E-UTIL-MARKER,DET-UTIL-123 to 125,DET-WATR-290; DET-SAN_-385; DET-SITE-785,APWA colors,UTILITY MARKERS PER DET-UTIL-123 (APWA COLORS)
P-UTIL-MARKER,DET-UTIL-123 to 125,DET-WATR-290; DET-SAN_-385; DET-SITE-785,APWA colors,UTILITY MARKERS PER DET-UTIL-123 (APWA COLORS)
E-PROF-SURFACE,DET-PROF-200 to 202,DET-GRAD-360 to 363; DET-PAVE-800 to 816; DET-STRM-100 to 199,10:1 exaggeration,PROFILE VIEW PER DET-PROF-200
P-PROF-SURFACE,DET-PROF-200 to 202,DET-GRAD-360 to 363; DET-PAVE-800 to 816; DET-STRM-100 to 199,10:1 exaggeration,PROFILE VIEW PER DET-PROF-200
E-PROF-UTIL-STRM,DET-PROF-203 to 205,DET-STRM-100 to 199; DET-PROF-200 to 202; DET-GRAD-400,Show inverts,STORM DRAIN PROFILE PER DET-PROF-203
P-PROF-UTIL-STRM,DET-PROF-203 to 205,DET-STRM-100 to 199; DET-PROF-200 to 202; DET-GRAD-400,Show inverts,STORM DRAIN PROFILE PER DET-PROF-203
E-PROF-UTIL-WATR,DET-PROF-206 to 207,DET-WATR-200 to 299; DET-PROF-200 to 202; DET-SITE-765,Top of pipe,WATER MAIN PROFILE PER DET-PROF-206
P-PROF-UTIL-WATR,DET-PROF-206 to 207,DET-WATR-200 to 299; DET-PROF-200 to 202; DET-SITE-765,Top of pipe,WATER MAIN PROFILE PER DET-PROF-206
E-PROF-UTIL-SAN,DET-PROF-208 to 209,DET-SAN_-300 to 399; DET-PROF-200 to 202; DET-SITE-765,Show inverts,SEWER MAIN PROFILE PER DET-PROF-208
P-PROF-UTIL-SAN,DET-PROF-208 to 209,DET-SAN_-300 to 399; DET-PROF-200 to 202; DET-SITE-765,Show inverts,SEWER MAIN PROFILE PER DET-PROF-208
E-PROF-UTIL-GAS,DET-PROF-210 to 211,DET-UTIL-100 to 102; DET-PROF-200 to 202; DET-SITE-765,Top or centerline,GAS MAIN PROFILE PER DET-PROF-210
P-PROF-UTIL-GAS,DET-PROF-210 to 211,DET-UTIL-100 to 102; DET-PROF-200 to 202; DET-SITE-765,Top or centerline,GAS MAIN PROFILE PER DET-PROF-210
E-PROF-UTIL-ELEC,DET-PROF-212 to 213,DET-UTIL-103 to 105; DET-PROF-200 to 211; DET-SITE-765 to 768,Composite profile,ELECTRIC CONDUIT PROFILE PER DET-PROF-212
P-PROF-UTIL-ELEC,DET-PROF-212 to 213,DET-UTIL-103 to 105; DET-PROF-200 to 211; DET-SITE-765 to 768,Composite profile,ELECTRIC CONDUIT PROFILE PER DET-PROF-212
E-PROF-PAVE,DET-PROF-214 to 215,DET-PAVE-800 to 816; DET-TRFC-906 to 910; DET-PROF-200 to 202,Vertical curves,PAVEMENT PROFILE PER DET-PROF-214
P-PROF-PAVE,DET-PROF-214 to 215,DET-PAVE-800 to 816; DET-TRFC-906 to 910; DET-PROF-200 to 202,Vertical curves,PAVEMENT PROFILE PER DET-PROF-214
E-PROF-GUTTER,DET-PROF-216 to 217,DET-STRM-160 to 163; DET-PROF-200 to 202; DET-ADA-855 to 858,0.5%-8% slopes,GUTTER PROFILE PER DET-PROF-216
P-PROF-GUTTER,DET-PROF-216 to 217,DET-STRM-160 to 163; DET-PROF-200 to 202; DET-ADA-855 to 858,0.5%-8% slopes,GUTTER PROFILE PER DET-PROF-216
E-XSEC-ROAD,DET-XSEC-300 to 302,DET-PAVE-800 to 816; DET-STRM-160; DET-GRAD-365 to 368,2% crown,TYPICAL ROAD SECTION PER DET-XSEC-300
P-XSEC-ROAD,DET-XSEC-300 to 302,DET-PAVE-800 to 816; DET-STRM-160; DET-GRAD-365 to 368,2% crown,TYPICAL ROAD SECTION PER DET-XSEC-300
E-XSEC-STREET,DET-XSEC-303 to 305,DET-XSEC-300 to 302; DET-SITE-500; DET-LNDS-468,Local/Collector/Arterial,LOCAL STREET SECTION PER DET-XSEC-303
P-XSEC-STREET,DET-XSEC-303 to 305,DET-XSEC-300 to 302; DET-SITE-500; DET-LNDS-468,Local/Collector/Arterial,LOCAL STREET SECTION PER DET-XSEC-303
E-XSEC-TRENCH,DET-XSEC-306 to 308,DET-GRAD-400 to 406; DET-UTIL-114 to 116; DET-STRM-WATR-SAN_,Bedding/backfill zones,UTILITY TRENCH SECTION PER DET-XSEC-306
P-XSEC-TRENCH,DET-XSEC-306 to 308,DET-GRAD-400 to 406; DET-UTIL-114 to 116; DET-STRM-WATR-SAN_,Bedding/backfill zones,UTILITY TRENCH SECTION PER DET-XSEC-306
E-XSEC-SLOPE,DET-XSEC-309 to 310,DET-GRAD-365 to 368; DET-GRAD-370 to 374; DET-LNDS-485 to 486,2:1 max benching,CUT/FILL SLOPE SECTION PER DET-XSEC-309
P-XSEC-SLOPE,DET-XSEC-309 to 310,DET-GRAD-365 to 368; DET-GRAD-370 to 374; DET-LNDS-485 to 486,2:1 max benching,CUT/FILL SLOPE SECTION PER DET-XSEC-309
E-XSEC-SWALE,DET-XSEC-311 to 312,DET-STRM-165 to 168; DET-STRM-190 to 193; DET-LNDS-490 to 491,3:1 side slopes,DRAINAGE SWALE SECTION PER DET-XSEC-311
P-XSEC-SWALE,DET-XSEC-311 to 312,DET-STRM-165 to 168; DET-STRM-190 to 193; DET-LNDS-490 to 491,3:1 side slopes,DRAINAGE SWALE SECTION PER DET-XSEC-311
E-XSEC-CHANNEL,DET-XSEC-313 to 314,DET-STRM-175 to 178; DET-XSEC-311 to 312; DET-GRAD-395,1' freeboard,CONCRETE CHANNEL SECTION PER DET-XSEC-313
P-XSEC-CHANNEL,DET-XSEC-313 to 314,DET-STRM-175 to 178; DET-XSEC-311 to 312; DET-GRAD-395,1' freeboard,CONCRETE CHANNEL SECTION PER DET-XSEC-313
E-XSEC-WALL,DET-XSEC-315 to 316,DET-GRAD-370 to 374; DET-LNDS-479 to 481; DET-SITE-700 to 703,Drainage/backfill,RETAINING WALL SECTION PER DET-XSEC-315
P-XSEC-WALL,DET-XSEC-315 to 316,DET-GRAD-370 to 374; DET-LNDS-479 to 481; DET-SITE-700 to 703,Drainage/backfill,RETAINING WALL SECTION PER DET-XSEC-315
E-REF-TITLEBLOCK,DET-REF-400 to 402,DET-REF-410; DET-REF-420; Project standards,"24"" × 36"" sheet",TITLE BLOCK PER DET-REF-400
P-REF-TITLEBLOCK,DET-REF-400 to 402,DET-REF-410; DET-REF-420; Project standards,"24"" × 36"" sheet",TITLE BLOCK PER DET-REF-400
E-REF-BORDER,DET-REF-410 to 411,DET-REF-400; DET-REF-450,"0.5"" margin",SHEET BORDER PER DET-REF-410
P-REF-BORDER,DET-REF-410 to 411,DET-REF-400; DET-REF-450,"0.5"" margin",SHEET BORDER PER DET-REF-410
E-REF-NOTES-GEN,DET-REF-420 to 422,DET-REF-430; Abbreviation dictionary; Specifications,Standard abbreviations,GENERAL NOTES PER DET-REF-420
P-REF-NOTES-GEN,DET-REF-420 to 422,DET-REF-430; Abbreviation dictionary; Specifications,Standard abbreviations,GENERAL NOTES PER DET-REF-420
E-REF-NOTES-SPEC,DET-REF-423 to 424,DET-REF-420 to 422; Detail library; Specifications,Local/detail notes,SPECIFIC NOTES PER DET-REF-423
P-REF-NOTES-SPEC,DET-REF-423 to 424,DET-REF-420 to 422; Detail library; Specifications,Local/detail notes,SPECIFIC NOTES PER DET-REF-423
E-REF-LEGEND,DET-REF-430 to 432,DET-REF-422; 430-layer system; CAD standards,Line types/hatching,LEGEND PER DET-REF-430
P-REF-LEGEND,DET-REF-430 to 432,DET-REF-422; 430-layer system; CAD standards,Line types/hatching,LEGEND PER DET-REF-430
E-REF-BENCHMARK,DET-REF-440 to 441,DET-GRAD-357 to 359; DET-SITE-785 to 787; Survey plans,NAVD88 datum,BENCHMARK TABLE PER DET-REF-440
P-REF-BENCHMARK,DET-REF-440 to 441,DET-GRAD-357 to 359; DET-SITE-785 to 787; Survey plans,NAVD88 datum,BENCHMARK TABLE PER DET-REF-440
E-REF-KEYPLAN,DET-REF-450 to 452,DET-REF-410 to 411; DET-REF-400; Project location,Sheet index map,KEY PLAN PER DET-REF-450 (SEE SHEET C1.0)
P-REF-KEYPLAN,DET-REF-450 to 452,DET-REF-410 to 411; DET-REF-400; Project location,Sheet index map,KEY PLAN PER DET-REF-450 (SEE SHEET C1.0)
E-REF-DETAIL,DET-REF-460 to 462,Detail library; DET-REF-430; Cross-section layers,Circle callout,DETAIL CALLOUTS PER DET-REF-460
P-REF-DETAIL,DET-REF-460 to 462,Detail library; DET-REF-430; Cross-section layers,Circle callout,DETAIL CALLOUTS PER DET-REF-460
E-REF-SCALE,DET-REF-470 to 472,DET-REF-400; DET-PROF-202; DET-XSEC-300,Graphic scale bars,DRAWING SCALES PER DET-REF-470
P-REF-SCALE,DET-REF-470 to 472,DET-REF-400; DET-PROF-202; DET-XSEC-300,Graphic scale bars,DRAWING SCALES PER DET-REF-470
E-REF-SCHEDULE,DET-REF-480 to 482,Specifications; Quantity takeoffs; Phasing plans,Tabular format,SCHEDULES PER DET-REF-480
P-REF-SCHEDULE,DET-REF-480 to 482,Specifications; Quantity takeoffs; Phasing plans,Tabular format,SCHEDULES PER DET-REF-480
E-REF-QUANTITY,DET-REF-490 to 492,DET-GRAD-375 to 378; DET-PAVE-810 to 816; Cost estimates,Units labeled,QUANTITY SUMMARY PER DET-REF-490
P-REF-QUANTITY,DET-REF-490 to 492,DET-GRAD-375 to 378; DET-PAVE-810 to 816; Cost estimates,Units labeled,QUANTITY SUMMARY PER DET-REF-490
E-DEMO-BLDG,DET-DEMO-500 to 502,DET-SITE-750; DET-GRAD-375; DET-SITE-775,Hazmat abatement,BUILDING DEMOLITION PER DET-DEMO-500
P-DEMO-BLDG,DET-DEMO-500 to 502,DET-SITE-750; DET-GRAD-375; DET-SITE-775,Hazmat abatement,BUILDING DEMOLITION PER DET-DEMO-500
E-DEMO-PAVE,DET-DEMO-503 to 505,DET-PAVE-840 to 842; DET-GRAD-375; DET-SITE-775,Sawcut limits recycle,PAVEMENT REMOVAL PER DET-DEMO-503
P-DEMO-PAVE,DET-DEMO-503 to 505,DET-PAVE-840 to 842; DET-GRAD-375; DET-SITE-775,Sawcut limits recycle,PAVEMENT REMOVAL PER DET-DEMO-503
E-DEMO-CURB,DET-DEMO-506 to 507,DET-STRM-160; DET-ADA-855 to 858; DET-DEMO-503,Sawcut termination,CURB & GUTTER REMOVAL PER DET-DEMO-506
P-DEMO-CURB,DET-DEMO-506 to 507,DET-STRM-160; DET-ADA-855 to 858; DET-DEMO-503,Sawcut termination,CURB & GUTTER REMOVAL PER DET-DEMO-506
E-DEMO-CONC,DET-DEMO-508 to 510,DET-DEMO-500 to 502; DET-GRAD-387; DET-SITE-775,Recycle as RCA,CONCRETE REMOVAL PER DET-DEMO-508
P-DEMO-CONC,DET-DEMO-508 to 510,DET-DEMO-500 to 502; DET-GRAD-387; DET-SITE-775,Recycle as RCA,CONCRETE REMOVAL PER DET-DEMO-508
E-DEMO-FENCE,DET-DEMO-511 to 512,DET-SITE-545 to 549; DET-DEMO-520; DET-GRAD-384,Backfill post holes,FENCE REMOVAL PER DET-DEMO-511
P-DEMO-FENCE,DET-DEMO-511 to 512,DET-SITE-545 to 549; DET-DEMO-520; DET-GRAD-384,Backfill post holes,FENCE REMOVAL PER DET-DEMO-511
E-DEMO-TREE,DET-DEMO-513 to 514,DET-LNDS-497 to 499; DET-GRAD-384; DET-DEMO-520,"Grind stumps 18""",TREE REMOVAL PER DET-DEMO-513
P-DEMO-TREE,DET-DEMO-513 to 514,DET-LNDS-497 to 499; DET-GRAD-384; DET-DEMO-520,"Grind stumps 18""",TREE REMOVAL PER DET-DEMO-513
E-DEMO-LANDSCAPE,DET-DEMO-516 to 517,DET-LNDS-450 to 499; DET-IRRG-700 to 749; DET-DEMO-513 to 514,Cap irrigation,LANDSCAPE REMOVAL PER DET-DEMO-516
P-DEMO-LANDSCAPE,DET-DEMO-516 to 517,DET-LNDS-450 to 499; DET-IRRG-700 to 749; DET-DEMO-513 to 514,Cap irrigation,LANDSCAPE REMOVAL PER DET-DEMO-516
E-DEMO-SITE,DET-DEMO-520 to 521,DET-GRAD-384 to 386; DET-DEMO-500 to 517; DET-SITE-775,Clear and grub,SITE CLEARING PER DET-DEMO-520
P-DEMO-SITE,DET-DEMO-520 to 521,DET-GRAD-384 to 386; DET-DEMO-500 to 517; DET-SITE-775,Clear and grub,SITE CLEARING PER DET-DEMO-520
E-DEMO-UTIL-STRM,DET-DEMO-522 to 523,DET-STRM-100 to 199; DET-STRM-295 to 297; DET-GRAD-404,Abandon cap/fill,STORM DRAIN REMOVAL PER DET-DEMO-522
P-DEMO-UTIL-STRM,DET-DEMO-522 to 523,DET-STRM-100 to 199; DET-STRM-295 to 297; DET-GRAD-404,Abandon cap/fill,STORM DRAIN REMOVAL PER DET-DEMO-522
E-DEMO-UTIL-WATR,DET-DEMO-524 to 525,DET-WATR-200 to 299; DET-WATR-295 to 297; DET-WATR-260,Purveyor inspection,WATER MAIN REMOVAL PER DET-DEMO-524
P-DEMO-UTIL-WATR,DET-DEMO-524 to 525,DET-WATR-200 to 299; DET-WATR-295 to 297; DET-WATR-260,Purveyor inspection,WATER MAIN REMOVAL PER DET-DEMO-524
E-DEMO-UTIL-SAN,DET-DEMO-526 to 527,DET-SAN_-300 to 399; DET-SAN_-395 to 397; DET-GRAD-404,Agency approval video,SEWER MAIN ABANDONMENT PER DET-DEMO-526
P-DEMO-UTIL-SAN,DET-DEMO-526 to 527,DET-SAN_-300 to 399; DET-SAN_-395 to 397; DET-GRAD-404,Agency approval video,SEWER MAIN ABANDONMENT PER DET-DEMO-526
E-DEMO-UTIL-GAS,DET-DEMO-528 to 529,DET-UTIL-100 to 102; DET-SITE-773 to 775; Gas company,Gas co performs work,GAS LINE REMOVAL PER DET-DEMO-528
P-DEMO-UTIL-GAS,DET-DEMO-528 to 529,DET-UTIL-100 to 102; DET-SITE-773 to 775; Gas company,Gas co performs work,GAS LINE REMOVAL PER DET-DEMO-528
E-DEMO-UTIL-ELEC,DET-DEMO-530 to 531,DET-UTIL-103 to 105; DET-SITE-770 to 772; Utility company,Utility disconnection,ELECTRIC REMOVAL PER DET-DEMO-530
P-DEMO-UTIL-ELEC,DET-DEMO-530 to 531,DET-UTIL-103 to 105; DET-SITE-770 to 772; Utility company,Utility disconnection,ELECTRIC REMOVAL PER DET-DEMO-530
E-DEMO-SIGN,DET-DEMO-532 to 533,DET-TRFC-900 to 945; DET-TRFC-965 to 977; DET-TRFC-986,Remove/obliterate,SIGN REMOVAL PER DET-DEMO-532
P-DEMO-SIGN,DET-DEMO-532 to 533,DET-TRFC-900 to 945; DET-TRFC-965 to 977; DET-TRFC-986,Remove/obliterate,SIGN REMOVAL PER DET-DEMO-532
E-DEMO-MISC,DET-DEMO-534 to 535,All demolition series; Specifications; Owner requirements,Salvage items,MISCELLANEOUS DEMO PER DET-DEMO-534
P-DEMO-MISC,DET-DEMO-534 to 535,All demolition series; Specifications; Owner requirements,Salvage items,MISCELLANEOUS DEMO PER DET-DEMO-534
E-TEMP-FENCE,DET-TEMP-600 to 601,DET-SITE-750 to 752; DET-LNDS-497 to 499; DET-GRAD-390,Before grading,TEMP CONSTRUCTION FENCE PER DET-TEMP-600
P-TEMP-FENCE,DET-TEMP-600 to 601,DET-SITE-750 to 752; DET-LNDS-497 to 499; DET-GRAD-390,Before grading,TEMP CONSTRUCTION FENCE PER DET-TEMP-600
E-TEMP-ACCESS,DET-TEMP-602 to 603,DET-GRAD-425 to 427; DET-PAVE-849; DET-SITE-755,Remove and restore,TEMP ACCESS ROAD PER DET-TEMP-602
P-TEMP-ACCESS,DET-TEMP-602 to 603,DET-GRAD-425 to 427; DET-PAVE-849; DET-SITE-755,Remove and restore,TEMP ACCESS ROAD PER DET-TEMP-602
E-TEMP-EROSION,DET-TEMP-604 to 605,DET-GRAD-390 to 399; DET-GRAD-395 to 397; SWPPP,Weekly inspections,TEMP EROSION CONTROL PER DET-TEMP-604
P-TEMP-EROSION,DET-TEMP-604 to 605,DET-GRAD-390 to 399; DET-GRAD-395 to 397; SWPPP,Weekly inspections,TEMP EROSION CONTROL PER DET-TEMP-604
E-TEMP-DRAINAGE,DET-TEMP-606 to 607,DET-GRAD-410 to 412; DET-STRM-100 to 199; NPDES permit,Discharge permit,TEMP DRAINAGE PER DET-TEMP-606
P-TEMP-DRAINAGE,DET-TEMP-606 to 607,DET-GRAD-410 to 412; DET-STRM-100 to 199; NPDES permit,Discharge permit,TEMP DRAINAGE PER DET-TEMP-606
E-TEMP-UTIL,DET-TEMP-608 to 609,DET-SITE-760 to 762; DET-WATR-298; DET-SAN_-398,Remove at completion,TEMP UTILITIES PER DET-TEMP-608
P-TEMP-UTIL,DET-TEMP-608 to 609,DET-SITE-760 to 762; DET-WATR-298; DET-SAN_-398,Remove at completion,TEMP UTILITIES PER DET-TEMP-608
E-TEMP-SIGN,DET-TEMP-610 to 611,DET-TRFC-915 to 917; DET-TRFC-978 to 979; MUTCD Part 6,TCP required,TEMP SIGNS PER DET-TEMP-610 (MUTCD PART 6)
P-TEMP-SIGN,DET-TEMP-610 to 611,DET-TRFC-915 to 917; DET-TRFC-978 to 979; MUTCD Part 6,TCP required,TEMP SIGNS PER DET-TEMP-610 (MUTCD PART 6)
E-TEMP-STRIPE,DET-TEMP-612 to 613,DET-TRFC-985 to 986; DET-PAVE-825 to 827; Work zone control,Removable materials,TEMP STRIPING PER DET-TEMP-612
P-TEMP-STRIPE,DET-TEMP-612 to 613,DET-TRFC-985 to 986; DET-PAVE-825 to 827; Work zone control,Removable materials,TEMP STRIPING PER DET-TEMP-612
E-TEMP-BARRIER,DET-TEMP-614 to 615,DET-TRFC-983 to 984; DET-SITE-705 to 707; Work zone safety,K-rail/Jersey,TEMP BARRIERS PER DET-TEMP-614
P-TEMP-BARRIER,DET-TEMP-614 to 615,DET-TRFC-983 to 984; DET-SITE-705 to 707; Work zone safety,K-rail/Jersey,TEMP BARRIERS PER DET-TEMP-614
E-TEMP-PAVE,DET-TEMP-616 to 617,DET-PAVE-849 to 850; DET-TEMP-602; DET-GRAD-425,Replace within 30 days,TEMP PAVEMENT PER DET-TEMP-616
P-TEMP-PAVE,DET-TEMP-616 to 617,DET-PAVE-849 to 850; DET-TEMP-602; DET-GRAD-425,Replace within 30 days,TEMP PAVEMENT PER DET-TEMP-616
E-TEMP-PROTECT,DET-TEMP-618 to 619,DET-LNDS-497 to 499; DET-SITE-765; DET-DEMO-515,Call 811 pothole,PROTECTION PER DET-TEMP-618
P-TEMP-PROTECT,DET-TEMP-618 to 619,DET-LNDS-497 to 499; DET-SITE-765; DET-DEMO-515,Call 811 pothole,PROTECTION PER DET-TEMP-618
E-TEMP-STORAGE,DET-TEMP-620 to 621,DET-SITE-755 to 757; DET-GRAD-427; DET-TEMP-600,Restore after const,MATERIAL STORAGE PER DET-TEMP-620
P-TEMP-STORAGE,DET-TEMP-620 to 621,DET-SITE-755 to 757; DET-GRAD-427; DET-TEMP-600,Restore after const,MATERIAL STORAGE PER DET-TEMP-620
E-COORD-PLAN,DET-COORD-700 to 702,DET-SITE-765 to 768; DET-UTIL-114 to 116; All utility layers,Call 811 before dig,UTILITY COORDINATION PER DET-COORD-700
P-COORD-PLAN,DET-COORD-700 to 702,DET-SITE-765 to 768; DET-UTIL-114 to 116; All utility layers,Call 811 before dig,UTILITY COORDINATION PER DET-COORD-700
E-COORD-HORIZ,DET-COORD-703 to 704,DET-SITE-765; DET-UTIL-114 to 115; Individual utility standards,10' water/sewer 3' other,HORIZONTAL SEPARATION PER DET-COORD-703
P-COORD-HORIZ,DET-COORD-703 to 704,DET-SITE-765; DET-UTIL-114 to 115; Individual utility standards,10' water/sewer 3' other,HORIZONTAL SEPARATION PER DET-COORD-703
E-COORD-VERT,DET-COORD-705 to 706,DET-SITE-766; DET-COORD-703 to 704; DET-UTIL-120,"12"" min 18"" preferred",VERTICAL SEPARATION PER DET-COORD-705
P-COORD-VERT,DET-COORD-705 to 706,DET-SITE-766; DET-COORD-703 to 704; DET-UTIL-120,"12"" min 18"" preferred",VERTICAL SEPARATION PER DET-COORD-705
E-COORD-CONFLICT,DET-COORD-707 to 708,DET-COORD-700 to 706; DET-SITE-767; DET-SAN_-383 to 384,Resolution methods,UTILITY CONFLICTS PER DET-COORD-707
P-COORD-CONFLICT,DET-COORD-707 to 708,DET-COORD-700 to 706; DET-SITE-767; DET-SAN_-383 to 384,Resolution methods,UTILITY CONFLICTS PER DET-COORD-707
E-COORD-RELOC,DET-COORD-709 to 710,DET-SITE-767; DET-WATR-SAN_-STRM; DET-COORD-707 to 708,Owner approval/design,UTILITY RELOCATION PER DET-COORD-709
P-COORD-RELOC,DET-COORD-709 to 710,DET-SITE-767; DET-WATR-SAN_-STRM; DET-COORD-707 to 708,Owner approval/design,UTILITY RELOCATION PER DET-COORD-709
E-COORD-ASBLT,DET-COORD-711 to 712,DET-REF-400 to 402; DET-COORD-700 to 710; Utility owner requirements,±1' horizontal ±0.1' vertical,AS-BUILT SURVEY PER DET-COORD-711
P-COORD-ASBLT,DET-COORD-711 to 712,DET-REF-400 to 402; DET-COORD-700 to 710; Utility owner requirements,±1' horizontal ±0.1' vertical,AS-BUILT SURVEY PER DET-COORD-711
E-HYDRO-BASIN,DET-HYDRO-800 to 802,DET-STRM-185 to 188; DET-GRAD-350 to 356; Hydrology calculations,Drainage area AC,DRAINAGE BASIN PER DET-HYDRO-800
P-HYDRO-BASIN,DET-HYDRO-800 to 802,DET-STRM-185 to 188; DET-GRAD-350 to 356; Hydrology calculations,Drainage area AC,DRAINAGE BASIN PER DET-HYDRO-800
E-HYDRO-FLOWPATH,DET-HYDRO-803 to 804,DET-HYDRO-800 to 802; DET-STRM-160 to 178; DET-GRAD-360 to 363,Flow arrows,FLOW PATHS PER DET-HYDRO-803
P-HYDRO-FLOWPATH,DET-HYDRO-803 to 804,DET-HYDRO-800 to 802; DET-STRM-160 to 178; DET-GRAD-360 to 363,Flow arrows,FLOW PATHS PER DET-HYDRO-803
E-HYDRO-RUNOFF,DET-HYDRO-805 to 807,DET-HYDRO-800 to 804; DET-STRM-100 to 199; Hydrology report,Q = CIA or NRCS,RUNOFF CALCULATIONS PER DET-HYDRO-805
P-HYDRO-RUNOFF,DET-HYDRO-805 to 807,DET-HYDRO-800 to 804; DET-STRM-100 to 199; Hydrology report,Q = CIA or NRCS,RUNOFF CALCULATIONS PER DET-HYDRO-805
E-HYDRO-DETENTION,DET-HYDRO-808 to 810,DET-STRM-185 to 188; DET-HYDRO-805 to 807; DET-GRAD-360 to 363,Storage volume balance,DETENTION BASIN PER DET-HYDRO-808
P-HYDRO-DETENTION,DET-HYDRO-808 to 810,DET-STRM-185 to 188; DET-HYDRO-805 to 807; DET-GRAD-360 to 363,Storage volume balance,DETENTION BASIN PER DET-HYDRO-808
E-HYDRO-HYDRAULIC,DET-HYDRO-811 to 813,DET-STRM-100 to 104; DET-PROF-203 to 205; HEC-RAS/FlowMaster,Manning's equation,HYDRAULIC ANALYSIS PER DET-HYDRO-811
P-HYDRO-HYDRAULIC,DET-HYDRO-811 to 813,DET-STRM-100 to 104; DET-PROF-203 to 205; HEC-RAS/FlowMaster,Manning's equation,HYDRAULIC ANALYSIS PER DET-HYDRO-811
E-HYDRO-FLOODPLAIN,DET-HYDRO-814 to 816,DET-GRAD-415 to 417; FEMA FIRM; Floodplain permit,BFE + 1' freeboard,FLOODPLAIN INFO PER DET-HYDRO-814 (FEMA FIRM)
P-HYDRO-FLOODPLAIN,DET-HYDRO-814 to 816,DET-GRAD-415 to 417; FEMA FIRM; Floodplain permit,BFE + 1' freeboard,FLOODPLAIN INFO PER DET-HYDRO-814 (FEMA FIRM)
E-HYDRO-NOTES,DET-HYDRO-817 to 818,DET-HYDRO-800 to 816; DET-REF-420 to 424; Hydrology report,Design criteria,HYDROLOGY NOTES PER DET-HYDRO-817
P-HYDRO-NOTES,DET-HYDRO-817 to 818,DET-HYDRO-800 to 816; DET-REF-420 to 424; Hydrology report,Design criteria,HYDROLOGY NOTES PER DET-HYDRO-817
E-MISC-SURVEY,DET-MISC-900 to 901,DET-GRAD-357 to 359; DET-SITE-785 to 787; Record of Survey,Property lines/easements,SURVEY DATA PER DET-MISC-900
P-MISC-SURVEY,DET-MISC-900 to 901,DET-GRAD-357 to 359; DET-SITE-785 to 787; Record of Survey,Property lines/easements,SURVEY DATA PER DET-MISC-900
E-MISC-EASEMENT,DET-MISC-902 to 903,DET-MISC-900 to 901; DET-SITE-765; Legal descriptions,Utility/access/drainage,EASEMENTS PER DET-MISC-902
P-MISC-EASEMENT,DET-MISC-902 to 903,DET-MISC-900 to 901; DET-SITE-765; Legal descriptions,Utility/access/drainage,EASEMENTS PER DET-MISC-902
E-MISC-ROW,DET-MISC-904 to 905,DET-MISC-900 to 903; DET-XSEC-303 to 305; Tract/parcel map,ROW dedications,RIGHT-OF-WAY PER DET-MISC-904
P-MISC-ROW,DET-MISC-904 to 905,DET-MISC-900 to 903; DET-XSEC-303 to 305; Tract/parcel map,ROW dedications,RIGHT-OF-WAY PER DET-MISC-904
E-MISC-SETBACK,DET-MISC-906 to 907,DET-MISC-900 to 905; Zoning ordinance; Building permit,Front/side/rear,SETBACKS PER DET-MISC-906 AND ZONING
P-MISC-SETBACK,DET-MISC-906 to 907,DET-MISC-900 to 905; Zoning ordinance; Building permit,Front/side/rear,SETBACKS PER DET-MISC-906 AND ZONING
E-MISC-TOPO-EXIST,DET-MISC-908 to 909,DET-GRAD-350 to 356; DET-DEMO-500 to 535; Base map survey,Existing features,EXISTING CONDITIONS PER DET-MISC-908
P-MISC-TOPO-EXIST,DET-MISC-908 to 909,DET-GRAD-350 to 356; DET-DEMO-500 to 535; Base map survey,Existing features,EXISTING CONDITIONS PER DET-MISC-908
E-MISC-PHASE,DET-MISC-910 to 911,DET-TEMP-600 to 621; DET-TRFC-978 to 979; Project schedule,Phase limits/sequencing,CONSTRUCTION PHASING PER DET-MISC-910
P-MISC-PHASE,DET-MISC-910 to 911,DET-TEMP-600 to 621; DET-TRFC-978 to 979; Project schedule,Phase limits/sequencing,CONSTRUCTION PHASING PER DET-MISC-910
E-MISC-MATCH,DET-MISC-912 to 913,DET-PAVE-843 to 845; DET-STRM-WATR-SAN_; All detail series,Tie-in transitions,MATCH EXISTING PER DET-MISC-912
P-MISC-MATCH,DET-MISC-912 to 913,DET-PAVE-843 to 845; DET-STRM-WATR-SAN_; All detail series,Tie-in transitions,MATCH EXISTING PER DET-MISC-912
E-MISC-LABEL,DET-MISC-914 to 915,DET-REF-420 to 424; DET-REF-460 to 462; CAD standards,Leader lines callouts,LABELING PER DET-MISC-914
P-MISC-LABEL,DET-MISC-914 to 915,DET-REF-420 to 424; DET-REF-460 to 462; CAD standards,Leader lines callouts,LABELING PER DET-MISC-914
E-MISC-DIM,DET-MISC-916 to 917,DET-REF-470 to 472; CAD dimensioning; Construction docs,To 0.01' precision,DIMENSIONING PER DET-MISC-916
P-MISC-DIM,DET-MISC-916 to 917,DET-REF-470 to 472; CAD dimensioning; Construction docs,To 0.01' precision,DIMENSIONING PER DET-MISC-916
E-MISC-AREA,DET-MISC-918 to 919,DET-HYDRO-800 to 802; DET-PAVE-822 to 824; Zoning compliance,SF and AC impervious%,AREA CALCULATIONS PER DET-MISC-918
P-MISC-AREA,DET-MISC-918 to 919,DET-HYDRO-800 to 802; DET-PAVE-822 to 824; Zoning compliance,SF and AC impervious%,AREA CALCULATIONS PER DET-MISC-918
E-MISC-LIMIT,DET-MISC-920 to 921,DET-TEMP-600; DET-LNDS-497 to 499; DET-GRAD-390 to 399,Limits of work/disturbance,LIMITS OF WORK PER DET-MISC-920
P-MISC-LIMIT,DET-MISC-920 to 921,DET-TEMP-600; DET-LNDS-497 to 499; DET-GRAD-390 to 399,Limits of work/disturbance,LIMITS OF WORK PER DET-MISC-920
E-MISC-ACCESS,DET-MISC-922 to 923,DET-SITE-530 to 532; DET-SITE-535 to 537; DET-TRFC-997 to 999,Emergency/maintenance,ACCESS ROUTES PER DET-MISC-922
P-MISC-ACCESS,DET-MISC-922 to 923,DET-SITE-530 to 532; DET-SITE-535 to 537; DET-TRFC-997 to 999,Emergency/maintenance,ACCESS ROUTES PER DET-MISC-922
E-MISC-PERMIT,DET-MISC-924 to 925,DET-REF-420 to 421; All agency standards; Project permit status,Grading/NPDES/encroachment,PERMITS REQUIRED PER DET-MISC-924
P-MISC-PERMIT,DET-MISC-924 to 925,DET-REF-420 to 421; All agency standards; Project permit status,Grading/NPDES/encroachment,PERMITS REQUIRED PER DET-MISC-924
E-MISC-CLARIFY,DET-MISC-926 to 927,DET-REF-420 to 424; Design criteria; Variance approvals,Assumptions/exceptions,CLARIFICATIONS PER DET-MISC-926
P-MISC-CLARIFY,DET-MISC-926 to 927,DET-REF-420 to 424; Design criteria; Variance approvals,Assumptions/exceptions,CLARIFICATIONS PER DET-MISC-926
E-MISC-OTHER,DET-MISC-928 to 929,All layer systems; Project-specific requirements,Future/custom,MISCELLANEOUS ITEMS PER DET-MISC-928
P-MISC-OTHER,DET-MISC-928 to 929,All layer systems; Project-specific requirements,Future/custom,MISCELLANEOUS ITEMS PER DET-MISC-928
E-ZONE-BOUND,DET-ZONE-950 to 951,DET-MISC-900 to 903; Zoning ordinance; General plan,Base zone/overlay,ZONING PER DET-ZONE-950
P-ZONE-BOUND,DET-ZONE-950 to 951,DET-MISC-900 to 903; Zoning ordinance; General plan,Base zone/overlay,ZONING PER DET-ZONE-950
E-ZONE-USE,DET-ZONE-952 to 953,DET-ZONE-950 to 951; Zoning compliance; CUP documentation,Permitted/conditional,LAND USE PER DET-ZONE-952
P-ZONE-USE,DET-ZONE-952 to 953,DET-ZONE-950 to 951; Zoning compliance; CUP documentation,Permitted/conditional,LAND USE PER DET-ZONE-952
E-ZONE-SETBACK,DET-ZONE-954 to 955,DET-MISC-906 to 907; DET-ZONE-950; Building permit,Front/side/rear per zone,ZONING SETBACKS PER DET-ZONE-954
P-ZONE-SETBACK,DET-ZONE-954 to 955,DET-MISC-906 to 907; DET-ZONE-950; Building permit,Front/side/rear per zone,ZONING SETBACKS PER DET-ZONE-954
E-ZONE-HEIGHT,DET-ZONE-956 to 957,Building permit; DET-ZONE-950; Height measurement,Max feet/stories,HEIGHT LIMIT PER DET-ZONE-956
P-ZONE-HEIGHT,DET-ZONE-956 to 957,Building permit; DET-ZONE-950; Height measurement,Max feet/stories,HEIGHT LIMIT PER DET-ZONE-956
E-ZONE-PARKING,DET-ZONE-958 to 959,DET-PAVE-822 to 824; DET-ADA-860 to 863; Zoning parking ratios,Spaces per unit/SF,PARKING REQUIREMENTS PER DET-ZONE-958
P-ZONE-PARKING,DET-ZONE-958 to 959,DET-PAVE-822 to 824; DET-ADA-860 to 863; Zoning parking ratios,Spaces per unit/SF,PARKING REQUIREMENTS PER DET-ZONE-958
E-ZONE-LANDSCAPE,DET-ZONE-960 to 961,DET-LNDS-450 to 499; DET-ZONE-950; Landscape ordinance,% site street trees,LANDSCAPE REQUIREMENTS PER DET-ZONE-960
P-ZONE-LANDSCAPE,DET-ZONE-960 to 961,DET-LNDS-450 to 499; DET-ZONE-950; Landscape ordinance,% site street trees,LANDSCAPE REQUIREMENTS PER DET-ZONE-960
E-ZONE-MISC,DET-ZONE-962 to 963,All zoning layers; DET-REF-420 to 424; Zoning compliance report,FAR/lot coverage/open space,ZONING COMPLIANCE PER DET-ZONE-963
P-ZONE-MISC,DET-ZONE-962 to 963,All zoning layers; DET-REF-420 to 424; Zoning compliance report,FAR/lot coverage/open space,ZONING COMPLIANCE PER DET-ZONE-963
E-SPEC-RAILROAD,DET-SPEC-970 to 971,DET-PAVE-800 to 816; DET-TRFC-900 to 910; Railroad co standards,CPUC permit,RAILROAD CROSSING PER DET-SPEC-970
P-SPEC-RAILROAD,DET-SPEC-970 to 971,DET-PAVE-800 to 816; DET-TRFC-900 to 910; Railroad co standards,CPUC permit,RAILROAD CROSSING PER DET-SPEC-970
E-SPEC-BRIDGE,DET-SPEC-972 to 973,DET-STRM-180 to 183; DET-PAVE-800 to 816; Structural plans,Bridge engineer design,BRIDGE STRUCTURE PER DET-SPEC-972
P-SPEC-BRIDGE,DET-SPEC-972 to 973,DET-STRM-180 to 183; DET-PAVE-800 to 816; Structural plans,Bridge engineer design,BRIDGE STRUCTURE PER DET-SPEC-972
E-SPEC-TUNNEL,DET-SPEC-974 to 975,DET-SAN_-380 to 382; DET-GRAD-400 to 409; Geotechnical investigation,Jack and bore/HDD,JACK AND BORE PER DET-SPEC-975
P-SPEC-TUNNEL,DET-SPEC-974 to 975,DET-SAN_-380 to 382; DET-GRAD-400 to 409; Geotechnical investigation,Jack and bore/HDD,JACK AND BORE PER DET-SPEC-975
E-SPEC-SOLAR,DET-SPEC-976 to 977,DET-ELEC; DET-SITE-730 to 732; DET-GRAD-360 to 363,Ground-mounted panels,SOLAR ARRAY PER DET-SPEC-976
P-SPEC-SOLAR,DET-SPEC-976 to 977,DET-ELEC; DET-SITE-730 to 732; DET-GRAD-360 to 363,Ground-mounted panels,SOLAR ARRAY PER DET-SPEC-976
E-SPEC-WIND,DET-SPEC-978 to 979,DET-GRAD-370 to 374; DET-SITE-922 to 923; Aviation/environmental permits,FAA approval,WIND TURBINE PER DET-SPEC-978
P-SPEC-WIND,DET-SPEC-978 to 979,DET-GRAD-370 to 374; DET-SITE-922 to 923; Aviation/environmental permits,FAA approval,WIND TURBINE PER DET-SPEC-978
E-SPEC-FUEL,DET-SPEC-980 to 982,DET-PAVE-830; DET-STRM-150; DET-SITE-792 to 794,UST/AST double-wall,FUEL SYSTEM PER DET-SPEC-980
P-SPEC-FUEL,DET-SPEC-980 to 982,DET-PAVE-830; DET-STRM-150; DET-SITE-792 to 794,UST/AST double-wall,FUEL SYSTEM PER DET-SPEC-980
E-SPEC-DOCK,DET-SPEC-983 to 984,DET-SPEC-972 to 973; DET-PAVE-805 to 809; Waterway permits,Marina/boat launch,MARINA DOCK PER DET-SPEC-983
P-SPEC-DOCK,DET-SPEC-983 to 984,DET-SPEC-972 to 973; DET-PAVE-805 to 809; Waterway permits,Marina/boat launch,MARINA DOCK PER DET-SPEC-983
E-SPEC-POOL,DET-SPEC-985 to 987,DET-SITE-545 to 549; DET-WATR-260; DET-SAN_-340 to 343,"48"" fence/barrier",SWIMMING POOL PER DET-SPEC-985
P-SPEC-POOL,DET-SPEC-985 to 987,DET-SITE-545 to 549; DET-WATR-260; DET-SAN_-340 to 343,"48"" fence/barrier",SWIMMING POOL PER DET-SPEC-985
E-SPEC-SPORT,DET-SPEC-988 to 989,DET-PAVE-805 to 809; DET-LNDS-460 to 461; DET-SITE-715 to 719,Tennis/basketball/field,TENNIS COURT PER DET-SPEC-988
P-SPEC-SPORT,DET-SPEC-988 to 989,DET-PAVE-805 to 809; DET-LNDS-460 to 461; DET-SITE-715 to 719,Tennis/basketball/field,TENNIS COURT PER DET-SPEC-988
E-SPEC-WELL,DET-SPEC-990 to 991,DET-WATR-260 to 264; DET-SITE-770 to 772; DET-WATR-265 to 269,CA Bulletin 74,WATER WELL PER DET-SPEC-990 (CA BULLETIN 74)
P-SPEC-WELL,DET-SPEC-990 to 991,DET-WATR-260 to 264; DET-SITE-770 to 772; DET-WATR-265 to 269,CA Bulletin 74,WATER WELL PER DET-SPEC-990 (CA BULLETIN 74)
E-SPEC-SEPTIC-ADVANCED,DET-SPEC-992 to 993,DET-SAN_-370 to 378; DET-GRAD-360 to 363; Env Health Dept,ATU/mound/drip,ADVANCED SEPTIC SYSTEM PER DET-SPEC-992
P-SPEC-SEPTIC-ADVANCED,DET-SPEC-992 to 993,DET-SAN_-370 to 378; DET-GRAD-360 to 363; Env Health Dept,ATU/mound/drip,ADVANCED SEPTIC SYSTEM PER DET-SPEC-992
E-SPEC-GEOTHERMAL,DET-SPEC-994 to 995,DET-GRAD-360 to 363; DET-ELEC; DET-WATR-200,Ground loop field,GEOTHERMAL SYSTEM PER DET-SPEC-994
P-SPEC-GEOTHERMAL,DET-SPEC-994 to 995,DET-GRAD-360 to 363; DET-ELEC; DET-WATR-200,Ground loop field,GEOTHERMAL SYSTEM PER DET-SPEC-994
E-SPEC-HAZMAT,DET-SPEC-996 to 997,DET-SITE-565 to 568; DET-STRM-150; DET-SITE-792 to 794,110% containment,HAZMAT STORAGE PER DET-SPEC-996
P-SPEC-HAZMAT,DET-SPEC-996 to 997,DET-SITE-565 to 568; DET-STRM-150; DET-SITE-792 to 794,110% containment,HAZMAT STORAGE PER DET-SPEC-996
E-SPEC-HISTORIC,DET-SPEC-998 to 999,DET-DEMO-500 to 502; DET-SITE-785 to 787; Historic preservation ordinances,SOI standards,HISTORIC PRESERVATION PER DET-SPEC-998
P-SPEC-HISTORIC,DET-SPEC-998 to 999,DET-DEMO-500 to 502; DET-SITE-785 to 787; Historic preservation ordinances,SOI standards,HISTORIC PRESERVATION PER DET-SPEC-998
E-SPEC-STREAM,DET-SPEC-1000 to 1001,DET-STRM-175 to 178; DET-LNDS-495 to 496; DET-GRAD-365 to 368,Bioengineered banks,STREAM RESTORATION PER DET-SPEC-1000
P-SPEC-STREAM,DET-SPEC-1000 to 1001,DET-STRM-175 to 178; DET-LNDS-495 to 496; DET-GRAD-365 to 368,Bioengineered banks,STREAM RESTORATION PER DET-SPEC-1000
E-SPEC-WETLAND,DET-SPEC-1002 to 1003,DET-LNDS-495 to 496; DET-STRM-185 to 188; DET-HYDRO-800 to 802,Mitigation ratios,WETLAND MITIGATION PER DET-SPEC-1002
P-SPEC-WETLAND,DET-SPEC-1002 to 1003,DET-LNDS-495 to 496; DET-STRM-185 to 188; DET-HYDRO-800 to 802,Mitigation ratios,WETLAND MITIGATION PER DET-SPEC-1002
E-SPEC-FISH,DET-SPEC-1004 to 1005,DET-STRM-180 to 183; DET-WATR-220 to 224; DET-SPEC-1000 to 1001,Fish passage culverts,FISH PASSAGE CULVERT PER DET-SPEC-1004
P-SPEC-FISH,DET-SPEC-1004 to 1005,DET-STRM-180 to 183; DET-WATR-220 to 224; DET-SPEC-1000 to 1001,Fish passage culverts,FISH PASSAGE CULVERT PER DET-SPEC-1004
E-SPEC-ENVIRO,DET-SPEC-1006 to 1007,DET-GRAD-390 to 399; DET-LNDS-497 to 499; DET-SPEC-998 to 1005,CEQA/NEPA/ESA,ENVIRONMENTAL PROTECTION PER DET-SPEC-1006
P-SPEC-ENVIRO,DET-SPEC-1006 to 1007,DET-GRAD-390 to 399; DET-LNDS-497 to 499; DET-SPEC-998 to 1005,CEQA/NEPA/ESA,ENVIRONMENTAL PROTECTION PER DET-SPEC-1006